time,enrolled,available,waitlisted,total
2025-04-05T11:51:48,0,50,0,50
2025-04-05T11:59:31,0,50,0,50
2025-04-05T12:07:15,0,50,0,50
2025-04-05T12:14:58,0,50,0,50
2025-04-05T12:22:42,0,50,0,50
2025-04-05T12:30:26,0,50,0,50
2025-04-05T12:38:09,0,50,0,50
2025-04-05T12:45:52,0,50,0,50
2025-04-05T12:53:43,0,50,0,50
2025-04-05T13:01:27,0,50,0,50
2025-04-05T13:09:10,0,50,0,50
2025-04-05T13:16:53,0,50,0,50
2025-04-05T13:24:37,0,50,0,50
2025-04-05T13:32:20,0,50,0,50
2025-04-05T13:40:03,0,50,0,50
2025-04-05T13:47:47,0,50,0,50
2025-04-05T13:55:30,0,50,0,50
2025-04-05T14:03:13,0,50,0,50
2025-04-05T14:10:56,0,50,0,50
2025-04-05T14:18:39,0,50,0,50
2025-04-05T14:26:23,0,50,0,50
2025-04-05T14:34:07,0,50,0,50
2025-04-05T14:41:51,0,50,0,50
2025-04-05T14:49:34,0,50,0,50
2025-04-05T14:57:18,0,50,0,50
2025-04-05T15:05:01,0,50,0,50
2025-04-05T15:12:45,0,50,0,50
2025-04-05T15:20:28,0,50,0,50
2025-04-05T15:28:21,0,50,0,50
2025-04-05T15:36:04,0,50,0,50
2025-04-05T15:43:48,0,50,0,50
2025-04-05T15:51:31,0,50,0,50
2025-04-05T15:59:15,0,50,0,50
2025-04-05T16:06:59,0,50,0,50
2025-04-05T16:14:43,0,50,0,50
2025-04-05T16:22:26,0,50,0,50
2025-04-05T16:30:10,0,50,0,50
2025-04-05T16:37:53,0,50,0,50
2025-04-05T16:45:36,0,50,0,50
2025-04-05T16:53:19,0,50,0,50
2025-04-05T17:01:03,0,50,0,50
2025-04-05T17:08:47,0,50,0,50
2025-04-05T17:16:39,0,50,0,50
2025-04-05T17:24:22,0,50,0,50
2025-04-05T17:32:07,0,50,0,50
2025-04-05T17:39:50,0,50,0,50
2025-04-05T17:47:33,0,50,0,50
2025-04-05T17:55:16,0,50,0,50
2025-04-05T18:03:00,0,50,0,50
2025-04-05T18:10:43,0,50,0,50
2025-04-05T18:18:27,0,50,0,50
2025-04-05T18:26:10,0,50,0,50
2025-04-05T18:33:53,0,50,0,50
2025-04-05T18:41:37,0,50,0,50
2025-04-05T18:49:21,0,50,0,50
2025-04-05T18:57:18,0,50,0,50
2025-04-05T19:05:02,0,50,0,50
2025-04-05T19:12:45,0,50,0,50
2025-04-05T19:20:29,0,50,0,50
2025-04-05T19:28:12,0,50,0,50
2025-04-05T19:35:56,0,50,0,50
2025-04-05T19:43:39,0,50,0,50
2025-04-05T19:51:23,0,50,0,50
2025-04-05T19:59:06,0,50,0,50
2025-04-05T20:06:49,0,50,0,50
2025-04-05T20:14:32,0,50,0,50
2025-04-05T20:22:16,0,50,0,50
2025-04-05T20:29:59,0,50,0,50
2025-04-05T20:37:42,0,50,0,50
2025-04-05T20:45:26,0,50,0,50
2025-04-05T20:53:09,0,50,0,50
2025-04-05T21:00:52,0,50,0,50
2025-04-05T21:08:35,0,50,0,50
2025-04-05T21:16:28,0,50,0,50
2025-04-05T21:24:11,0,50,0,50
2025-04-05T21:31:54,0,50,0,50
2025-04-05T21:39:37,0,50,0,50
2025-04-05T21:47:21,0,50,0,50
2025-04-05T21:55:04,0,50,0,50
2025-04-05T22:02:48,0,50,0,50
2025-04-05T22:10:31,0,50,0,50
2025-04-05T22:18:14,0,50,0,50
2025-04-05T22:25:58,0,50,0,50
2025-04-05T22:33:41,0,50,0,50
2025-04-05T22:41:24,0,50,0,50
2025-04-05T22:49:08,0,50,0,50
2025-04-05T22:56:51,0,50,0,50
2025-04-05T23:04:35,0,50,0,50
2025-04-05T23:12:20,0,50,0,50
2025-04-05T23:20:03,0,50,0,50
2025-04-05T23:27:47,0,50,0,50
2025-04-05T23:35:31,0,50,0,50
2025-04-05T23:43:14,0,50,0,50
2025-04-05T23:51:17,0,50,0,50
2025-04-05T23:59:00,0,50,0,50
2025-04-06T00:06:44,0,50,0,50
2025-04-06T00:14:28,0,50,0,50
2025-04-06T00:22:13,0,50,0,50
2025-04-06T00:29:58,0,50,0,50
2025-04-06T00:37:42,0,50,0,50
2025-04-06T00:45:26,0,50,0,50
2025-04-06T00:53:10,0,50,0,50
2025-04-06T01:00:55,0,50,0,50
2025-04-06T01:08:39,0,50,0,50
2025-04-06T01:16:23,0,50,0,50
2025-04-06T01:24:07,0,50,0,50
2025-04-06T01:31:51,0,50,0,50
2025-04-06T01:39:35,0,50,0,50
2025-04-06T01:47:19,0,50,0,50
2025-04-06T01:55:03,0,50,0,50
2025-04-06T02:02:48,0,50,0,50
2025-04-06T02:10:48,0,50,0,50
2025-04-06T02:18:33,0,50,0,50
2025-04-06T02:26:17,0,50,0,50
2025-04-06T02:34:00,0,50,0,50
2025-04-06T02:41:44,0,50,0,50
2025-04-06T02:49:29,0,50,0,50
2025-04-06T02:57:13,0,50,0,50
2025-04-06T03:04:57,0,50,0,50
2025-04-06T03:12:40,0,50,0,50
2025-04-06T03:20:24,0,50,0,50
2025-04-06T03:28:09,0,50,0,50
2025-04-06T03:35:53,0,50,0,50
2025-04-06T03:43:37,0,50,0,50
2025-04-06T03:51:21,0,50,0,50
2025-04-06T03:59:05,0,50,0,50
2025-04-06T04:06:51,0,50,0,50
2025-04-06T04:14:35,0,50,0,50
2025-04-06T04:26:25,0,50,0,50
2025-04-06T04:34:31,0,50,0,50
2025-04-06T04:42:16,0,50,0,50
2025-04-06T04:50:01,0,50,0,50
2025-04-06T04:57:46,0,50,0,50
2025-04-06T05:05:30,0,50,0,50
2025-04-06T05:13:14,0,50,0,50
2025-04-06T05:20:58,0,50,0,50
2025-04-06T05:28:43,0,50,0,50
2025-04-06T05:36:28,0,50,0,50
2025-04-06T05:44:12,0,50,0,50
2025-04-06T05:51:56,0,50,0,50
2025-04-06T05:59:40,0,50,0,50
2025-04-06T06:07:24,0,50,0,50
2025-04-06T06:15:08,0,50,0,50
2025-04-06T06:22:52,0,50,0,50
2025-04-06T06:30:39,0,50,0,50
2025-04-06T06:38:23,0,50,0,50
2025-04-06T06:46:07,0,50,0,50
2025-04-06T06:53:51,0,50,0,50
2025-04-06T07:01:34,0,50,0,50
2025-04-06T07:09:18,0,50,0,50
2025-04-06T07:17:01,0,50,0,50
2025-04-06T07:24:45,0,50,0,50
2025-04-06T07:32:29,0,50,0,50
2025-04-06T07:40:13,0,50,0,50
2025-04-06T07:47:57,0,50,0,50
2025-04-06T07:55:40,0,50,0,50
2025-04-06T08:03:24,0,50,0,50
2025-04-06T08:11:07,0,50,0,50
2025-04-06T08:18:51,0,50,0,50
2025-04-06T08:26:35,0,50,0,50
2025-04-06T08:34:19,0,50,0,50
2025-04-06T08:42:03,0,50,0,50
2025-04-06T08:49:46,0,50,0,50
2025-04-06T08:57:38,0,50,0,50
2025-04-06T09:05:22,0,50,0,50
2025-04-06T09:13:05,0,50,0,50
2025-04-06T09:20:49,0,50,0,50
2025-04-06T09:28:33,0,50,0,50
2025-04-06T09:36:17,0,50,0,50
2025-04-06T09:44:01,0,50,0,50
2025-04-06T09:51:45,0,50,0,50
2025-04-06T09:59:28,0,50,0,50
2025-04-06T10:07:12,0,50,0,50
2025-04-06T10:14:56,0,50,0,50
2025-04-06T10:22:39,0,50,0,50
2025-04-06T10:30:23,0,50,0,50
2025-04-06T10:38:06,0,50,0,50
2025-04-06T10:45:50,0,50,0,50
2025-04-06T10:53:33,0,50,0,50
2025-04-06T11:01:18,0,50,0,50
2025-04-06T11:09:01,0,50,0,50
2025-04-06T11:16:46,0,50,0,50
2025-04-06T11:24:30,0,50,0,50
2025-04-06T11:32:14,0,50,0,50
2025-04-06T11:39:58,0,50,0,50
2025-04-06T11:47:41,0,50,0,50
2025-04-06T11:55:24,0,50,0,50
2025-04-06T12:03:07,0,50,0,50
2025-04-06T12:10:59,0,50,0,50
2025-04-06T12:18:42,0,50,0,50
2025-04-06T12:26:26,0,50,0,50
2025-04-06T12:34:09,0,50,0,50
2025-04-06T12:41:52,0,50,0,50
2025-04-06T12:49:36,0,50,0,50
2025-04-06T12:57:19,0,50,0,50
2025-04-06T13:05:02,0,50,0,50
2025-04-06T13:12:46,0,50,0,50
2025-04-06T13:20:29,0,50,0,50
2025-04-06T13:28:13,0,50,0,50
2025-04-06T13:35:56,0,50,0,50
2025-04-06T13:43:39,0,50,0,50
2025-04-06T13:51:23,0,50,0,50
2025-04-06T13:59:06,0,50,0,50
2025-04-06T14:06:49,0,50,0,50
2025-04-06T14:14:33,0,50,0,50
2025-04-06T14:22:24,0,50,0,50
2025-04-06T14:30:07,0,50,0,50
2025-04-06T14:37:51,0,50,0,50
2025-04-06T14:45:36,0,50,0,50
2025-04-06T14:53:20,0,50,0,50
2025-04-06T15:01:03,0,50,0,50
2025-04-06T15:08:47,0,50,0,50
2025-04-06T15:16:30,0,50,0,50
2025-04-06T15:24:13,0,50,0,50
2025-04-06T15:31:57,0,50,0,50
2025-04-06T15:39:41,0,50,0,50
2025-04-06T15:47:24,0,50,0,50
2025-04-06T15:55:07,0,50,0,50
2025-04-06T16:02:51,0,50,0,50
2025-04-06T16:10:34,0,50,0,50
2025-04-06T16:18:27,0,50,0,50
2025-04-06T16:26:10,0,50,0,50
2025-04-06T16:33:54,0,50,0,50
2025-04-06T16:41:37,0,50,0,50
2025-04-06T16:49:20,0,50,0,50
2025-04-06T16:57:04,0,50,0,50
2025-04-06T17:04:47,0,50,0,50
2025-04-06T17:12:31,0,50,0,50
2025-04-06T17:20:14,0,50,0,50
2025-04-06T17:27:59,0,50,0,50
2025-04-06T17:35:42,0,50,0,50
2025-04-06T17:43:25,0,50,0,50
2025-04-06T17:51:09,0,50,0,50
2025-04-06T17:58:52,0,50,0,50
2025-04-06T18:06:36,0,50,0,50
2025-04-06T18:14:20,0,50,0,50
2025-04-06T18:22:12,0,50,0,50
2025-04-06T18:29:56,0,50,0,50
2025-04-06T18:37:39,0,50,0,50
2025-04-06T18:45:22,0,50,0,50
2025-04-06T18:53:05,0,50,0,50
2025-04-06T19:00:48,0,50,0,50
2025-04-06T19:08:32,0,50,0,50
2025-04-06T19:16:15,0,50,0,50
2025-04-06T19:23:59,0,50,0,50
2025-04-06T19:31:42,0,50,0,50
2025-04-06T19:39:25,0,50,0,50
2025-04-06T19:47:17,0,50,0,50
2025-04-06T19:55:00,0,50,0,50
2025-04-06T20:02:43,0,50,0,50
2025-04-06T20:10:27,0,50,0,50
2025-04-06T20:18:11,0,50,0,50
2025-04-06T20:25:54,0,50,0,50
2025-04-06T20:33:37,0,50,0,50
2025-04-06T20:41:21,0,50,0,50
2025-04-06T20:49:04,0,50,0,50
2025-04-06T20:56:47,0,50,0,50
2025-04-06T21:25:36,0,50,0,50
2025-04-06T21:33:20,0,50,0,50
2025-04-06T21:41:04,0,50,0,50
2025-04-06T21:48:47,0,50,0,50
2025-04-06T21:56:30,0,50,0,50
2025-04-06T22:04:14,0,50,0,50
2025-04-06T22:11:58,0,50,0,50
2025-04-06T22:19:41,0,50,0,50
2025-04-06T22:27:25,0,50,0,50
2025-04-06T22:35:08,0,50,0,50
2025-04-06T22:42:52,0,50,0,50
2025-04-06T22:50:47,0,50,0,50
2025-04-06T22:58:30,0,50,0,50
2025-04-06T23:06:13,0,50,0,50
2025-04-06T23:13:56,0,50,0,50
2025-04-06T23:21:40,0,50,0,50
2025-04-06T23:29:23,0,50,0,50
2025-04-06T23:37:06,0,50,0,50
2025-04-06T23:44:50,0,50,0,50
2025-04-06T23:52:33,0,50,0,50
2025-04-07T00:00:17,0,50,0,50
2025-04-07T00:08:02,0,50,0,50
2025-04-07T00:15:55,0,50,0,50
2025-04-07T00:23:38,0,50,0,50
2025-04-07T00:31:22,0,50,0,50
2025-04-07T00:39:06,0,50,0,50
2025-04-07T00:46:49,0,50,0,50
2025-04-07T00:54:33,0,50,0,50
2025-04-07T01:02:18,0,50,0,50
2025-04-07T01:10:01,0,50,0,50
2025-04-07T01:17:45,0,50,0,50
2025-04-07T01:25:29,0,50,0,50
2025-04-07T01:33:12,0,50,0,50
2025-04-07T01:40:56,0,50,0,50
2025-04-07T01:48:40,0,50,0,50
2025-04-07T01:56:23,0,50,0,50
2025-04-07T02:04:07,0,50,0,50
2025-04-07T02:11:51,0,50,0,50
2025-04-07T02:19:35,0,50,0,50
2025-04-07T02:27:19,0,50,0,50
2025-04-07T02:35:02,0,50,0,50
2025-04-07T02:42:46,0,50,0,50
2025-04-07T02:50:30,0,50,0,50
2025-04-07T02:58:14,0,50,0,50
2025-04-07T03:05:58,0,50,0,50
2025-04-07T03:13:43,0,50,0,50
2025-04-07T03:21:27,0,50,0,50
2025-04-07T03:29:12,0,50,0,50
2025-04-07T03:36:56,0,50,0,50
2025-04-07T03:44:48,0,50,0,50
2025-04-07T03:52:33,0,50,0,50
2025-04-07T04:00:18,0,50,0,50
2025-04-07T04:08:03,0,50,0,50
2025-04-07T04:17:32,0,50,0,50
2025-04-07T04:28:52,0,50,0,50
2025-04-07T04:36:59,0,50,0,50
2025-04-07T04:44:44,0,50,0,50
2025-04-07T04:52:29,0,50,0,50
2025-04-07T05:00:14,0,50,0,50
2025-04-07T05:07:58,0,50,0,50
2025-04-07T05:15:43,0,50,0,50
2025-04-07T05:23:27,0,50,0,50
2025-04-07T05:31:13,0,50,0,50
2025-04-07T05:38:58,0,50,0,50
2025-04-07T05:46:43,0,50,0,50
2025-04-07T05:54:27,0,50,0,50
2025-04-07T06:02:12,0,50,0,50
2025-04-07T06:09:56,0,50,0,50
2025-04-07T06:17:41,0,50,0,50
2025-04-07T06:25:25,0,50,0,50
2025-04-07T06:33:09,0,50,0,50
2025-04-07T06:40:54,0,50,0,50
2025-04-07T06:48:38,0,50,0,50
2025-04-07T06:56:22,0,50,0,50
2025-04-07T07:04:08,0,50,0,50
2025-04-07T07:11:52,0,50,0,50
2025-04-07T07:19:37,0,50,0,50
2025-04-07T07:27:21,0,50,0,50
2025-04-07T07:35:05,0,50,0,50
2025-04-07T07:42:49,0,50,0,50
2025-04-07T07:55:05,0,50,0,50
2025-04-07T08:03:13,0,50,0,50
2025-04-07T08:10:57,0,50,0,50
2025-04-07T08:18:41,0,50,0,50
2025-04-07T08:26:25,0,50,0,50
2025-04-07T08:34:08,0,50,0,50
2025-04-07T08:41:52,0,50,0,50
2025-04-07T08:49:35,0,50,0,50
2025-04-07T08:57:19,0,50,0,50
2025-04-07T09:05:03,0,50,0,50
2025-04-07T09:12:48,0,50,0,50
2025-04-07T09:20:31,0,50,0,50
2025-04-07T09:28:15,0,50,0,50
2025-04-07T09:35:59,0,50,0,50
2025-04-07T09:43:51,0,50,0,50
2025-04-07T09:51:35,0,50,0,50
2025-04-07T09:59:19,0,50,0,50
2025-04-07T10:07:03,0,50,0,50
2025-04-07T10:14:47,0,50,0,50
2025-04-07T10:22:31,0,50,0,50
2025-04-07T10:30:15,0,50,0,50
2025-04-07T10:37:58,0,50,0,50
2025-04-07T10:45:53,0,50,0,50
2025-04-07T10:53:38,0,50,0,50
2025-04-07T11:01:21,0,50,0,50
2025-04-07T11:09:05,0,50,0,50
2025-04-07T11:16:49,0,50,0,50
2025-04-07T11:24:33,0,50,0,50
2025-04-07T11:32:16,0,50,0,50
2025-04-07T11:40:01,0,50,0,50
2025-04-07T11:47:54,0,50,0,50
2025-04-07T11:55:37,0,50,0,50
2025-04-07T12:03:21,0,50,0,50
2025-04-07T12:11:05,0,50,0,50
2025-04-07T12:18:48,0,50,0,50
2025-04-07T12:26:32,0,50,0,50
2025-04-07T12:34:25,0,50,0,50
2025-04-07T12:42:09,0,50,0,50
2025-04-07T12:49:52,0,50,0,50
2025-04-07T12:57:36,0,50,0,50
2025-04-07T13:05:19,0,50,0,50
2025-04-07T13:13:03,0,50,0,50
2025-04-07T13:20:46,0,50,0,50
2025-04-07T13:28:30,0,50,0,50
2025-04-07T13:36:24,0,50,0,50
2025-04-07T13:44:07,0,50,0,50
2025-04-07T13:51:52,0,50,0,50
2025-04-07T13:59:35,0,50,0,50
2025-04-07T14:07:19,0,50,0,50
2025-04-07T14:15:02,0,50,0,50
2025-04-07T14:22:45,0,50,0,50
2025-04-07T14:30:39,0,50,0,50
2025-04-07T14:38:22,0,50,0,50
2025-04-07T14:46:05,0,50,0,50
2025-04-07T14:53:49,0,50,0,50
2025-04-07T15:01:33,0,50,0,50
2025-04-07T15:09:16,0,50,0,50
2025-04-07T15:17:00,0,50,0,50
2025-04-07T15:24:44,0,50,0,50
2025-04-07T15:32:36,0,50,0,50
2025-04-07T15:40:20,0,50,0,50
2025-04-07T15:48:04,0,50,0,50
2025-04-07T15:55:47,0,50,0,50
2025-04-07T16:03:31,0,50,0,50
2025-04-07T16:11:15,0,50,0,50
2025-04-07T16:18:58,0,50,0,50
2025-04-07T16:26:53,0,50,0,50
2025-04-07T16:34:36,0,50,0,50
2025-04-07T16:42:19,0,50,0,50
2025-04-07T16:50:03,0,50,0,50
2025-04-07T16:57:46,0,50,0,50
2025-04-07T17:05:30,0,50,0,50
2025-04-07T17:13:13,0,50,0,50
2025-04-07T17:20:57,0,50,0,50
2025-04-07T17:28:50,0,50,0,50
2025-04-07T17:36:34,0,50,0,50
2025-04-07T17:44:17,0,50,0,50
2025-04-07T17:52:00,0,50,0,50
2025-04-07T17:59:43,0,50,0,50
2025-04-07T18:07:27,0,50,0,50
2025-04-07T18:15:11,0,50,0,50
2025-04-07T18:22:54,0,50,0,50
2025-04-07T18:30:38,0,50,0,50
2025-04-07T18:38:21,0,50,0,50
2025-04-07T18:46:14,0,50,0,50
2025-04-07T18:53:57,0,50,0,50
2025-04-07T19:01:42,0,50,0,50
2025-04-07T19:09:26,0,50,0,50
2025-04-07T19:17:10,0,50,0,50
2025-04-07T19:24:53,0,50,0,50
2025-04-07T19:32:37,0,50,0,50
2025-04-07T19:40:20,0,50,0,50
2025-04-07T19:48:04,0,50,0,50
2025-04-07T19:55:47,0,50,0,50
2025-04-07T20:03:30,0,50,0,50
2025-04-07T20:11:13,0,50,0,50
2025-04-07T20:19:06,0,50,0,50
2025-04-07T20:26:50,0,50,0,50
2025-04-07T20:34:33,0,50,0,50
2025-04-07T20:42:16,0,50,0,50
2025-04-07T20:49:59,0,50,0,50
2025-04-07T20:57:42,0,50,0,50
2025-04-07T21:05:26,0,50,0,50
2025-04-07T21:13:09,0,50,0,50
2025-04-07T21:20:53,0,50,0,50
2025-04-07T21:28:45,0,50,0,50
2025-04-07T21:36:29,0,50,0,50
2025-04-07T21:44:12,0,50,0,50
2025-04-07T21:51:55,0,50,0,50
2025-04-07T21:59:38,0,50,0,50
2025-04-07T22:07:22,0,50,0,50
2025-04-07T22:15:06,0,50,0,50
2025-04-07T22:22:49,0,50,0,50
2025-04-07T22:30:33,0,50,0,50
2025-04-07T22:38:19,0,50,0,50
2025-04-07T22:46:02,0,50,0,50
2025-04-07T22:53:55,0,50,0,50
2025-04-07T23:01:38,0,50,0,50
2025-04-07T23:09:22,0,50,0,50
2025-04-07T23:17:06,0,50,0,50
2025-04-07T23:24:50,0,50,0,50
2025-04-07T23:32:34,0,50,0,50
2025-04-07T23:40:18,0,50,0,50
2025-04-07T23:48:01,0,50,0,50
2025-04-07T23:55:45,0,50,0,50
2025-04-08T00:03:28,0,50,0,50
2025-04-08T00:11:12,0,50,0,50
2025-04-08T00:18:56,0,50,0,50
2025-04-08T00:26:41,0,50,0,50
2025-04-08T00:34:36,0,50,0,50
2025-04-08T00:42:20,0,50,0,50
2025-04-08T00:50:04,0,50,0,50
2025-04-08T00:57:49,0,50,0,50
2025-04-08T01:05:34,0,50,0,50
2025-04-08T01:13:18,0,50,0,50
2025-04-08T01:21:02,0,50,0,50
2025-04-08T01:28:46,0,50,0,50
2025-04-08T01:36:31,0,50,0,50
2025-04-08T01:44:15,0,50,0,50
2025-04-08T01:51:59,0,50,0,50
2025-04-08T01:59:43,0,50,0,50
2025-04-08T02:07:27,0,50,0,50
2025-04-08T02:15:11,0,50,0,50
2025-04-08T02:22:54,0,50,0,50
2025-04-08T02:30:38,0,50,0,50
2025-04-08T02:38:24,0,50,0,50
2025-04-08T02:46:08,0,50,0,50
2025-04-08T02:53:51,0,50,0,50
2025-04-08T03:01:36,0,50,0,50
2025-04-08T03:09:28,0,50,0,50
2025-04-08T03:17:13,0,50,0,50
2025-04-08T03:24:58,0,50,0,50
2025-04-08T03:32:42,0,50,0,50
2025-04-08T03:40:26,0,50,0,50
2025-04-08T03:48:11,0,50,0,50
2025-04-08T03:55:55,0,50,0,50
2025-04-08T04:03:39,0,50,0,50
2025-04-08T04:22:33,0,50,0,50
2025-04-08T04:30:53,0,50,0,50
2025-04-08T04:38:39,0,50,0,50
2025-04-08T04:46:23,0,50,0,50
2025-04-08T04:54:07,0,50,0,50
2025-04-08T05:01:51,0,50,0,50
2025-04-08T05:09:36,0,50,0,50
2025-04-08T05:17:21,0,50,0,50
2025-04-08T05:25:05,0,50,0,50
2025-04-08T05:32:49,0,50,0,50
2025-04-08T05:40:33,0,50,0,50
2025-04-08T05:48:17,0,50,0,50
2025-04-08T05:56:02,0,50,0,50
2025-04-08T06:03:46,0,50,0,50
2025-04-08T06:11:31,0,50,0,50
2025-04-08T06:19:16,0,50,0,50
2025-04-08T06:27:00,0,50,0,50
2025-04-08T06:34:44,0,50,0,50
2025-04-08T06:42:28,0,50,0,50
2025-04-08T06:50:12,0,50,0,50
2025-04-08T06:57:56,0,50,0,50
2025-04-08T07:05:41,0,50,0,50
2025-04-08T07:13:26,0,50,0,50
2025-04-08T07:21:11,0,50,0,50
2025-04-08T07:28:55,0,50,0,50
2025-04-08T07:36:39,0,50,0,50
2025-04-08T07:44:26,0,50,0,50
2025-04-08T07:52:10,0,50,0,50
2025-04-08T07:59:53,0,50,0,50
2025-04-08T08:07:37,0,50,0,50
2025-04-08T08:15:20,0,50,0,50
2025-04-08T08:23:14,0,50,0,50
2025-04-08T08:30:57,0,50,0,50
2025-04-08T08:38:41,0,50,0,50
2025-04-08T08:46:25,0,50,0,50
2025-04-08T08:54:08,0,50,0,50
2025-04-08T09:01:52,0,50,0,50
2025-04-08T09:09:35,0,50,0,50
2025-04-08T09:17:18,0,50,0,50
2025-04-08T09:25:02,0,50,0,50
2025-04-08T09:32:45,0,50,0,50
2025-04-08T09:40:29,0,50,0,50
2025-04-08T09:48:23,0,50,0,50
2025-04-08T09:56:06,0,50,0,50
2025-04-08T10:03:51,0,50,0,50
2025-04-08T10:11:35,0,50,0,50
2025-04-08T10:19:19,0,50,0,50
2025-04-08T10:27:02,0,50,0,50
2025-04-08T10:34:46,0,50,0,50
2025-04-08T10:42:31,0,50,0,50
2025-04-08T10:50:25,0,50,0,50
2025-04-08T10:58:09,0,50,0,50
2025-04-08T11:05:53,0,50,0,50
2025-04-08T11:13:37,0,50,0,50
2025-04-08T11:21:20,0,50,0,50
2025-04-08T11:29:04,0,50,0,50
2025-04-08T11:36:48,0,50,0,50
2025-04-08T11:44:42,0,50,0,50
2025-04-08T11:52:25,0,50,0,50
2025-04-08T12:00:09,0,50,0,50
2025-04-08T12:07:52,0,50,0,50
2025-04-08T12:15:36,0,50,0,50
2025-04-08T12:23:20,0,50,0,50
2025-04-08T12:31:13,0,50,0,50
2025-04-08T12:38:57,0,50,0,50
2025-04-08T12:46:40,0,50,0,50
2025-04-08T12:54:24,0,50,0,50
2025-04-08T13:02:07,0,50,0,50
2025-04-08T13:09:50,0,50,0,50
2025-04-08T13:17:44,0,50,0,50
2025-04-08T13:25:29,0,50,0,50
2025-04-08T13:33:12,0,50,0,50
2025-04-08T13:40:56,0,50,0,50
2025-04-08T13:48:39,0,50,0,50
2025-04-08T13:56:22,0,50,0,50
2025-04-08T14:04:06,0,50,0,50
2025-04-08T14:11:50,0,50,0,50
2025-04-08T14:19:44,0,50,0,50
2025-04-08T14:27:28,0,50,0,50
2025-04-08T14:35:11,0,50,0,50
2025-04-08T14:42:55,0,50,0,50
2025-04-08T14:50:39,0,50,0,50
2025-04-08T14:58:23,0,50,0,50
2025-04-08T15:06:07,0,50,0,50
2025-04-08T15:14:01,0,50,0,50
2025-04-08T15:21:46,0,50,0,50
2025-04-08T15:29:30,0,50,0,50
2025-04-08T15:37:15,0,50,0,50
2025-04-08T15:44:59,0,50,0,50
2025-04-08T15:52:54,0,50,0,50
2025-04-08T16:00:39,0,50,0,50
2025-04-08T16:08:23,0,50,0,50
2025-04-08T16:16:07,0,50,0,50
2025-04-08T16:23:52,0,50,0,50
2025-04-08T16:31:36,0,50,0,50
2025-04-08T16:39:21,0,50,0,50
2025-04-08T16:47:05,0,50,0,50
2025-04-08T16:54:59,0,50,0,50
2025-04-08T17:02:44,0,50,0,50
2025-04-08T17:10:30,0,50,0,50
2025-04-08T17:18:15,0,50,0,50
2025-04-08T17:26:00,0,50,0,50
2025-04-08T17:33:44,0,50,0,50
2025-04-08T17:41:28,0,50,0,50
2025-04-08T17:49:12,0,50,0,50
2025-04-08T17:56:57,0,50,0,50
2025-04-08T18:04:50,0,50,0,50
2025-04-08T18:12:34,0,50,0,50
2025-04-08T18:20:19,0,50,0,50
2025-04-08T18:28:03,0,50,0,50
2025-04-08T18:35:47,0,50,0,50
2025-04-08T18:43:31,0,50,0,50
2025-04-08T18:51:17,0,50,0,50
2025-04-08T18:59:01,0,50,0,50
2025-04-08T19:06:46,0,50,0,50
2025-04-08T19:14:30,0,50,0,50
2025-04-08T19:22:14,0,50,0,50
2025-04-08T19:30:08,0,50,0,50
2025-04-08T19:37:53,0,50,0,50
2025-04-08T19:45:37,0,50,0,50
2025-04-08T19:53:21,0,50,0,50
2025-04-08T20:01:06,0,50,0,50
2025-04-08T20:08:50,0,50,0,50
2025-04-08T20:16:34,0,50,0,50
2025-04-08T20:24:19,0,50,0,50
2025-04-08T20:32:03,0,50,0,50
2025-04-08T20:39:47,0,50,0,50
2025-04-08T20:47:32,0,50,0,50
2025-04-08T20:55:16,0,50,0,50
2025-04-08T21:03:00,0,50,0,50
2025-04-08T21:10:45,0,50,0,50
2025-04-08T21:18:39,0,50,0,50
2025-04-08T21:26:23,0,50,0,50
2025-04-08T21:34:08,0,50,0,50
2025-04-08T21:41:52,0,50,0,50
2025-04-08T21:49:36,0,50,0,50
2025-04-08T21:57:21,0,50,0,50
2025-04-08T22:05:05,0,50,0,50
2025-04-08T22:12:50,0,50,0,50
2025-04-08T22:20:34,0,50,0,50
2025-04-08T22:28:19,0,50,0,50
2025-04-08T22:36:13,0,50,0,50
2025-04-08T22:43:58,0,50,0,50
2025-04-08T22:51:42,0,50,0,50
2025-04-08T22:59:26,0,50,0,50
2025-04-08T23:07:11,0,50,0,50
2025-04-08T23:14:57,0,50,0,50
2025-04-08T23:22:41,0,50,0,50
2025-04-08T23:30:26,0,50,0,50
2025-04-08T23:38:10,0,50,0,50
2025-04-08T23:45:54,0,50,0,50
2025-04-08T23:53:39,0,50,0,50
2025-04-09T00:01:23,0,50,0,50
2025-04-09T00:09:09,0,50,0,50
2025-04-09T00:16:57,0,50,0,50
2025-04-09T00:24:42,0,50,0,50
2025-04-09T00:32:28,0,50,0,50
2025-04-09T00:40:22,0,50,0,50
2025-04-09T00:48:07,0,50,0,50
2025-04-09T00:55:52,0,50,0,50
2025-04-09T01:03:39,0,50,0,50
2025-04-09T01:11:24,0,50,0,50
2025-04-09T01:19:10,0,50,0,50
2025-04-09T01:26:55,0,50,0,50
2025-04-09T01:34:41,0,50,0,50
2025-04-09T01:42:26,0,50,0,50
2025-04-09T01:50:11,0,50,0,50
2025-04-09T01:57:58,0,50,0,50
2025-04-09T02:05:43,0,50,0,50
2025-04-09T02:13:28,0,50,0,50
2025-04-09T02:21:13,0,50,0,50
2025-04-09T02:28:58,0,50,0,50
2025-04-09T02:36:46,0,50,0,50
2025-04-09T02:44:33,0,50,0,50
2025-04-09T02:52:26,0,50,0,50
2025-04-09T03:00:11,0,50,0,50
2025-04-09T03:07:57,0,50,0,50
2025-04-09T03:15:42,0,50,0,50
2025-04-09T03:23:27,0,50,0,50
2025-04-09T03:31:12,0,50,0,50
2025-04-09T03:38:57,0,50,0,50
2025-04-09T03:46:42,0,50,0,50
2025-04-09T03:54:38,0,50,0,50
2025-04-09T04:02:23,0,50,0,50
2025-04-09T04:10:09,0,50,0,50
2025-04-09T04:28:55,0,50,0,50
2025-04-09T04:36:41,0,50,0,50
2025-04-09T04:44:27,0,50,0,50
2025-04-09T04:52:12,0,50,0,50
2025-04-09T04:59:57,0,50,0,50
2025-04-09T05:08:59,0,50,0,50
2025-04-09T05:17:03,0,50,0,50
2025-04-09T05:24:49,0,50,0,50
2025-04-09T05:32:35,0,50,0,50
2025-04-09T05:40:20,0,50,0,50
2025-04-09T05:48:06,0,50,0,50
2025-04-09T05:55:52,0,50,0,50
2025-04-09T06:03:38,0,50,0,50
2025-04-09T06:11:23,0,50,0,50
2025-04-09T06:19:07,0,50,0,50
2025-04-09T06:26:53,0,50,0,50
2025-04-09T06:34:38,0,50,0,50
2025-04-09T06:42:24,0,50,0,50
2025-04-09T06:50:09,0,50,0,50
2025-04-09T06:57:54,0,50,0,50
2025-04-09T07:05:39,0,50,0,50
2025-04-09T07:13:24,0,50,0,50
2025-04-09T07:21:09,0,50,0,50
2025-04-09T07:28:53,0,50,0,50
2025-04-09T07:36:38,0,50,0,50
2025-04-09T07:44:23,0,50,0,50
2025-04-09T07:52:10,0,50,0,50
2025-04-09T07:59:54,0,50,0,50
2025-04-09T08:07:39,0,50,0,50
2025-04-09T08:15:23,0,50,0,50
2025-04-09T08:23:08,0,50,0,50
2025-04-09T08:30:59,0,50,0,50
2025-04-09T08:38:43,0,50,0,50
2025-04-09T08:46:27,0,50,0,50
2025-04-09T08:54:11,0,50,0,50
2025-04-09T09:01:56,0,50,0,50
2025-04-09T09:09:40,0,50,0,50
2025-04-09T09:17:25,0,50,0,50
2025-04-09T09:25:09,0,50,0,50
2025-04-09T09:32:53,0,50,0,50
2025-04-09T09:40:38,0,50,0,50
2025-04-09T09:48:22,0,50,0,50
2025-04-09T09:56:06,0,50,0,50
2025-04-09T10:03:51,0,50,0,50
2025-04-09T10:11:47,0,50,0,50
2025-04-09T10:19:31,0,50,0,50
2025-04-09T10:27:17,0,50,0,50
2025-04-09T10:35:03,0,50,0,50
2025-04-09T10:42:48,0,50,0,50
2025-04-09T10:50:33,0,50,0,50
2025-04-09T10:58:18,0,50,0,50
2025-04-09T11:06:04,0,50,0,50
2025-04-09T11:14:00,0,50,0,50
2025-04-09T11:21:46,0,50,0,50
2025-04-09T11:29:33,0,50,0,50
2025-04-09T11:37:19,0,50,0,50
2025-04-09T11:45:06,0,50,0,50
2025-04-09T11:52:53,0,50,0,50
2025-04-09T12:00:41,0,50,0,50
2025-04-09T12:08:28,0,50,0,50
2025-04-09T12:16:17,0,50,0,50
2025-04-09T12:24:14,0,50,0,50
2025-04-09T12:32:02,0,50,0,50
2025-04-09T12:39:49,0,50,0,50
2025-04-09T12:47:37,0,50,0,50
2025-04-09T12:55:24,0,50,0,50
2025-04-09T13:03:11,0,50,0,50
2025-04-09T13:11:07,0,50,0,50
2025-04-09T13:18:54,0,50,0,50
2025-04-09T13:26:42,0,50,0,50
2025-04-09T13:34:29,0,50,0,50
2025-04-09T13:42:17,0,50,0,50
2025-04-09T13:50:05,0,50,0,50
2025-04-09T13:57:52,0,50,0,50
2025-04-09T14:05:40,0,50,0,50
2025-04-09T14:13:27,0,50,0,50
2025-04-09T14:21:25,0,50,0,50
2025-04-09T14:29:13,0,50,0,50
2025-04-09T14:37:03,0,50,0,50
2025-04-09T14:44:52,0,50,0,50
2025-04-09T14:52:41,0,50,0,50
2025-04-09T15:00:29,0,50,0,50
2025-04-09T15:08:17,0,50,0,50
2025-04-09T15:16:06,0,50,0,50
2025-04-09T15:23:57,0,50,0,50
2025-04-09T15:31:55,0,50,0,50
2025-04-09T15:39:44,0,50,0,50
2025-04-09T15:47:32,0,50,0,50
2025-04-09T15:55:21,0,50,0,50
2025-04-09T16:03:09,0,50,0,50
2025-04-09T16:10:58,0,50,0,50
2025-04-09T16:18:47,0,50,0,50
2025-04-09T16:26:36,0,50,0,50
2025-04-09T16:34:24,0,50,0,50
2025-04-09T16:42:29,0,50,0,50
2025-04-09T16:50:24,0,50,0,50
2025-04-09T16:58:14,0,50,0,50
2025-04-09T17:06:03,0,50,0,50
2025-04-09T17:13:52,0,50,0,50
2025-04-09T17:21:41,0,50,0,50
2025-04-09T17:29:30,0,50,0,50
2025-04-09T17:37:19,0,50,0,50
2025-04-09T17:45:07,0,50,0,50
2025-04-09T17:52:57,0,50,0,50
2025-04-09T18:00:54,0,50,0,50
2025-04-09T18:08:44,0,50,0,50
2025-04-09T18:16:34,0,50,0,50
2025-04-09T18:24:22,0,50,0,50
2025-04-09T18:32:11,0,50,0,50
2025-04-09T18:39:59,0,50,0,50
2025-04-09T18:47:47,0,50,0,50
2025-04-09T18:55:36,0,50,0,50
2025-04-09T19:03:24,0,50,0,50
2025-04-09T19:11:12,0,50,0,50
2025-04-09T19:19:00,0,50,0,50
2025-04-09T19:26:49,0,50,0,50
2025-04-09T19:34:37,0,50,0,50
2025-04-09T19:42:34,0,50,0,50
2025-04-09T19:50:22,0,50,0,50
2025-04-09T19:58:11,0,50,0,50
2025-04-09T20:05:59,0,50,0,50
2025-04-09T20:13:47,0,50,0,50
2025-04-09T20:21:35,0,50,0,50
2025-04-09T20:29:24,0,50,0,50
2025-04-09T20:37:13,0,50,0,50
2025-04-09T20:45:01,0,50,0,50
2025-04-09T20:52:49,0,50,0,50
2025-04-09T21:00:38,0,50,0,50
2025-04-09T21:08:26,0,50,0,50
2025-04-09T21:16:15,0,50,0,50
2025-04-09T21:24:03,0,50,0,50
2025-04-09T21:31:53,0,50,0,50
2025-04-09T21:39:41,0,50,0,50
2025-04-09T21:47:38,0,50,0,50
2025-04-09T21:55:26,0,50,0,50
2025-04-09T22:03:15,0,50,0,50
2025-04-09T22:11:03,0,50,0,50
2025-04-09T22:18:51,0,50,0,50
2025-04-09T22:26:40,0,50,0,50
2025-04-09T22:34:29,0,50,0,50
2025-04-09T22:42:17,0,50,0,50
2025-04-09T22:50:06,0,50,0,50
2025-04-09T22:57:54,0,50,0,50
2025-04-09T23:05:43,0,50,0,50
2025-04-09T23:13:33,0,50,0,50
2025-04-09T23:21:22,0,50,0,50
2025-04-09T23:29:19,0,50,0,50
2025-04-09T23:37:08,0,50,0,50
2025-04-09T23:44:56,0,50,0,50
2025-04-09T23:52:45,0,50,0,50
2025-04-10T00:00:33,0,50,0,50
2025-04-10T00:08:22,0,50,0,50
2025-04-10T00:16:13,0,50,0,50
2025-04-10T00:24:03,0,50,0,50
2025-04-10T00:31:52,0,50,0,50
2025-04-10T00:39:42,0,50,0,50
2025-04-10T00:47:31,0,50,0,50
2025-04-10T00:55:21,0,50,0,50
2025-04-10T01:03:10,0,50,0,50
2025-04-10T01:11:00,0,50,0,50
2025-04-10T01:18:49,0,50,0,50
2025-04-10T01:26:38,0,50,0,50
2025-04-10T01:34:27,0,50,0,50
2025-04-10T01:42:17,0,50,0,50
2025-04-10T01:50:06,0,50,0,50
2025-04-10T01:57:55,0,50,0,50
2025-04-10T02:05:44,0,50,0,50
2025-04-10T02:13:33,0,50,0,50
2025-04-10T02:21:23,0,50,0,50
2025-04-10T02:29:21,0,50,0,50
2025-04-10T02:37:09,0,50,0,50
2025-04-10T02:44:58,0,50,0,50
2025-04-10T02:52:47,0,50,0,50
2025-04-10T03:00:36,0,50,0,50
2025-04-10T03:08:26,0,50,0,50
2025-04-10T03:16:15,0,50,0,50
2025-04-10T03:24:04,0,50,0,50
2025-04-10T03:31:53,0,50,0,50
2025-04-10T03:39:41,0,50,0,50
2025-04-10T03:47:30,0,50,0,50
2025-04-10T03:55:19,0,50,0,50
2025-04-10T04:05:22,0,50,0,50
2025-04-10T04:13:12,0,50,0,50
2025-04-10T04:28:24,0,50,0,50
2025-04-10T04:36:37,0,50,0,50
2025-04-10T04:44:27,0,50,0,50
2025-04-10T04:52:16,0,50,0,50
2025-04-10T05:00:05,0,50,0,50
2025-04-10T05:07:54,0,50,0,50
2025-04-10T05:15:43,0,50,0,50
2025-04-10T05:23:32,0,50,0,50
2025-04-10T05:31:22,0,50,0,50
2025-04-10T05:39:11,0,50,0,50
2025-04-10T05:47:03,0,50,0,50
2025-04-10T05:54:52,0,50,0,50
2025-04-10T06:02:41,0,50,0,50
2025-04-10T06:10:31,0,50,0,50
2025-04-10T06:18:20,0,50,0,50
2025-04-10T06:26:10,0,50,0,50
2025-04-10T06:33:59,0,50,0,50
2025-04-10T06:41:48,0,50,0,50
2025-04-10T06:49:38,0,50,0,50
2025-04-10T06:57:27,0,50,0,50
2025-04-10T07:05:16,0,50,0,50
2025-04-10T07:13:04,0,50,0,50
2025-04-10T07:20:53,0,50,0,50
2025-04-10T07:28:42,0,50,0,50
2025-04-10T07:36:30,0,50,0,50
2025-04-10T07:44:19,0,50,0,50
2025-04-10T07:52:08,0,50,0,50
2025-04-10T07:59:56,0,50,0,50
2025-04-10T08:07:45,0,50,0,50
2025-04-10T08:15:33,0,50,0,50
2025-04-10T08:23:31,0,50,0,50
2025-04-10T08:31:19,0,50,0,50
2025-04-10T08:39:07,0,50,0,50
2025-04-10T08:46:56,0,50,0,50
2025-04-10T08:54:44,0,50,0,50
2025-04-10T09:02:32,0,50,0,50
2025-04-10T09:10:21,0,50,0,50
2025-04-10T09:18:09,0,50,0,50
2025-04-10T09:25:58,0,50,0,50
2025-04-10T09:33:46,0,50,0,50
2025-04-10T09:41:35,0,50,0,50
2025-04-10T09:49:23,0,50,0,50
2025-04-10T09:57:11,0,50,0,50
2025-04-10T10:05:00,0,50,0,50
2025-04-10T10:12:59,0,50,0,50
2025-04-10T10:20:47,0,50,0,50
2025-04-10T10:28:36,0,50,0,50
2025-04-10T10:36:24,0,50,0,50
2025-04-10T10:44:12,0,50,0,50
2025-04-10T10:52:00,0,50,0,50
2025-04-10T10:59:49,0,50,0,50
2025-04-10T11:07:38,0,50,0,50
2025-04-10T11:15:26,0,50,0,50
2025-04-10T11:23:24,0,50,0,50
2025-04-10T11:31:13,0,50,0,50
2025-04-10T11:39:01,0,50,0,50
2025-04-10T11:46:50,0,50,0,50
2025-04-10T11:54:38,0,50,0,50
2025-04-10T12:02:27,0,50,0,50
2025-04-10T12:10:16,0,50,0,50
2025-04-10T12:18:05,0,50,0,50
2025-04-10T12:26:03,0,50,0,50
2025-04-10T12:33:51,0,50,0,50
2025-04-10T12:41:40,0,50,0,50
2025-04-10T12:49:28,0,50,0,50
2025-04-10T12:57:17,0,50,0,50
2025-04-10T13:05:05,0,50,0,50
2025-04-10T13:12:53,0,50,0,50
2025-04-10T13:20:52,0,50,0,50
2025-04-10T13:28:41,0,50,0,50
2025-04-10T13:36:30,0,50,0,50
2025-04-10T13:44:21,0,50,0,50
2025-04-10T13:52:10,0,50,0,50
2025-04-10T14:00:01,0,50,0,50
2025-04-10T14:07:51,0,50,0,50
2025-04-10T14:15:46,0,50,0,50
2025-04-10T14:23:36,0,50,0,50
2025-04-10T14:31:37,0,50,0,50
2025-04-10T14:39:26,0,50,0,50
2025-04-10T14:47:15,0,50,0,50
2025-04-10T14:55:03,0,50,0,50
2025-04-10T15:02:53,0,50,0,50
2025-04-10T15:10:44,0,50,0,50
2025-04-10T15:18:34,0,50,0,50
2025-04-10T15:26:22,0,50,0,50
2025-04-10T15:34:22,0,50,0,50
2025-04-10T15:42:12,0,50,0,50
2025-04-10T15:50:01,0,50,0,50
2025-04-10T15:57:51,0,50,0,50
2025-04-10T16:05:41,0,50,0,50
2025-04-10T16:13:29,0,50,0,50
2025-04-10T16:21:19,0,50,0,50
2025-04-10T16:29:08,0,50,0,50
2025-04-10T16:36:57,0,50,0,50
2025-04-10T16:44:45,0,50,0,50
2025-04-10T16:52:43,0,50,0,50
2025-04-10T17:00:32,0,50,0,50
2025-04-10T17:08:22,0,50,0,50
2025-04-10T17:16:11,0,50,0,50
2025-04-10T17:24:00,0,50,0,50
2025-04-10T17:31:48,0,50,0,50
2025-04-10T17:39:38,0,50,0,50
2025-04-10T17:47:27,0,50,0,50
2025-04-10T17:55:15,0,50,0,50
2025-04-10T18:03:04,0,50,0,50
2025-04-10T18:10:53,0,50,0,50
2025-04-10T18:18:50,0,50,0,50
2025-04-10T18:26:39,0,50,0,50
2025-04-10T18:34:27,0,50,0,50
2025-04-10T18:42:16,0,50,0,50
2025-04-10T18:50:04,0,50,0,50
2025-04-10T18:57:53,0,50,0,50
2025-04-10T19:05:44,0,50,0,50
2025-04-10T19:13:36,0,50,0,50
2025-04-10T19:21:25,0,50,0,50
2025-04-10T19:29:15,0,50,0,50
2025-04-10T19:37:05,0,50,0,50
2025-04-10T19:44:55,0,50,0,50
2025-04-10T19:52:44,0,50,0,50
2025-04-10T20:00:45,0,50,0,50
2025-04-10T20:08:35,0,50,0,50
2025-04-10T20:16:26,0,50,0,50
2025-04-10T20:24:15,0,50,0,50
2025-04-10T20:32:05,0,50,0,50
2025-04-10T20:39:54,0,50,0,50
2025-04-10T20:47:44,0,50,0,50
2025-04-10T20:55:34,0,50,0,50
2025-04-10T21:03:24,0,50,0,50
2025-04-10T21:11:14,0,50,0,50
2025-04-10T21:19:03,0,50,0,50
2025-04-10T21:27:02,0,50,0,50
2025-04-10T21:34:52,0,50,0,50
2025-04-10T21:42:42,0,50,0,50
2025-04-10T21:50:31,0,50,0,50
2025-04-10T21:58:21,0,50,0,50
2025-04-10T22:06:10,0,50,0,50
2025-04-10T22:14:00,0,50,0,50
2025-04-10T22:21:49,0,50,0,50
2025-04-10T22:29:40,0,50,0,50
2025-04-10T22:37:30,0,50,0,50
2025-04-10T22:45:20,0,50,0,50
2025-04-10T22:53:11,0,50,0,50
2025-04-10T23:01:01,0,50,0,50
2025-04-10T23:09:01,0,50,0,50
2025-04-10T23:16:51,0,50,0,50
2025-04-10T23:24:41,0,50,0,50
2025-04-10T23:32:31,0,50,0,50
2025-04-10T23:40:20,0,50,0,50
2025-04-10T23:48:10,0,50,0,50
2025-04-10T23:55:59,0,50,0,50
2025-04-11T00:03:50,0,50,0,50
2025-04-11T00:11:41,0,50,0,50
2025-04-11T00:19:32,0,50,0,50
2025-04-11T00:27:23,0,50,0,50
2025-04-11T00:35:14,0,50,0,50
2025-04-11T00:43:04,0,50,0,50
2025-04-11T00:50:55,0,50,0,50
2025-04-11T00:58:47,0,50,0,50
2025-04-11T01:06:46,0,50,0,50
2025-04-11T01:14:37,0,50,0,50
2025-04-11T01:22:27,0,50,0,50
2025-04-11T01:30:17,0,50,0,50
2025-04-11T01:38:08,0,50,0,50
2025-04-11T01:45:59,0,50,0,50
2025-04-11T01:53:50,0,50,0,50
2025-04-11T02:01:40,0,50,0,50
2025-04-11T02:09:31,0,50,0,50
2025-04-11T02:17:21,0,50,0,50
2025-04-11T02:25:11,0,50,0,50
2025-04-11T02:33:00,0,50,0,50
2025-04-11T02:40:51,0,50,0,50
2025-04-11T02:48:40,0,50,0,50
2025-04-11T02:56:31,0,50,0,50
2025-04-11T03:04:41,0,50,0,50
2025-04-11T03:12:38,0,50,0,50
2025-04-11T03:20:29,0,50,0,50
2025-04-11T03:28:19,0,50,0,50
2025-04-11T03:36:10,0,50,0,50
2025-04-11T03:44:00,0,50,0,50
2025-04-11T03:51:50,0,50,0,50
2025-04-11T03:59:40,0,50,0,50
2025-04-11T04:07:30,0,50,0,50
2025-04-11T04:23:20,0,50,0,50
2025-04-11T04:31:33,0,50,0,50
2025-04-11T04:39:25,0,50,0,50
2025-04-11T04:47:15,0,50,0,50
2025-04-11T04:55:06,0,50,0,50
2025-04-11T05:02:56,0,50,0,50
2025-04-11T05:10:47,0,50,0,50
2025-04-11T05:18:37,0,50,0,50
2025-04-11T05:26:27,0,50,0,50
2025-04-11T05:34:18,0,50,0,50
2025-04-11T05:42:10,0,50,0,50
2025-04-11T05:50:00,0,50,0,50
2025-04-11T05:57:50,0,50,0,50
2025-04-11T06:05:41,0,50,0,50
2025-04-11T06:13:31,0,50,0,50
2025-04-11T06:21:21,0,50,0,50
2025-04-11T06:29:11,0,50,0,50
2025-04-11T06:37:01,0,50,0,50
2025-04-11T06:44:52,0,50,0,50
2025-04-11T06:52:43,0,50,0,50
2025-04-11T07:00:35,0,50,0,50
2025-04-11T07:08:26,0,50,0,50
2025-04-11T07:16:16,0,50,0,50
2025-04-11T07:24:06,0,50,0,50
2025-04-11T07:31:56,0,50,0,50
2025-04-11T07:39:46,0,50,0,50
2025-04-11T07:47:37,0,50,0,50
2025-04-11T07:55:27,0,50,0,50
2025-04-11T08:03:17,0,50,0,50
2025-04-11T08:11:07,0,50,0,50
2025-04-11T08:18:58,0,50,0,50
2025-04-11T08:26:47,0,50,0,50
2025-04-11T08:34:39,0,50,0,50
2025-04-11T08:42:37,0,50,0,50
2025-04-11T08:50:28,0,50,0,50
2025-04-11T08:58:17,0,50,0,50
2025-04-11T09:06:07,0,50,0,50
2025-04-11T09:13:56,0,50,0,50
2025-04-11T09:21:46,0,50,0,50
2025-04-11T09:29:36,0,50,0,50
2025-04-11T09:37:26,0,50,0,50
2025-04-11T09:45:15,0,50,0,50
2025-04-11T09:53:05,0,50,0,50
2025-04-11T10:00:54,0,50,0,50
2025-04-11T10:08:44,0,50,0,50
2025-04-11T10:16:43,0,50,0,50
2025-04-11T10:24:33,0,50,0,50
2025-04-11T10:32:22,0,50,0,50
2025-04-11T10:40:12,0,50,0,50
2025-04-11T10:48:01,0,50,0,50
2025-04-11T10:55:52,0,50,0,50
2025-04-11T11:03:43,0,50,0,50
2025-04-11T11:11:33,0,50,0,50
2025-04-11T11:19:24,0,50,0,50
2025-04-11T11:27:25,0,50,0,50
2025-04-11T11:35:16,0,50,0,50
2025-04-11T11:43:07,0,50,0,50
2025-04-11T11:50:57,0,50,0,50
2025-04-11T11:58:48,0,50,0,50
2025-04-11T12:06:39,0,50,0,50
2025-04-11T12:14:30,0,50,0,50
2025-04-11T12:22:21,0,50,0,50
2025-04-11T12:30:23,0,50,0,50
2025-04-11T12:38:13,0,50,0,50
2025-04-11T12:46:04,0,50,0,50
2025-04-11T12:53:54,0,50,0,50
2025-04-11T13:01:45,0,50,0,50
2025-04-11T13:09:36,0,50,0,50
2025-04-11T13:17:27,0,50,0,50
2025-04-11T13:25:17,0,50,0,50
2025-04-11T13:33:08,0,50,0,50
2025-04-11T13:40:58,0,50,0,50
2025-04-11T13:48:58,0,50,0,50
2025-04-11T13:56:49,0,50,0,50
2025-04-11T14:04:39,0,50,0,50
2025-04-11T14:12:30,0,50,0,50
2025-04-11T14:20:20,0,50,0,50
2025-04-11T14:28:11,0,50,0,50
2025-04-11T14:36:01,0,50,0,50
2025-04-11T14:43:52,0,50,0,50
2025-04-11T14:51:43,0,50,0,50
2025-04-11T14:59:33,0,50,0,50
2025-04-11T15:07:24,0,50,0,50
2025-04-11T15:15:24,0,50,0,50
2025-04-11T15:23:16,0,50,0,50
2025-04-11T15:31:08,0,50,0,50
2025-04-11T15:39:00,0,50,0,50
2025-04-11T15:46:51,0,50,0,50
2025-04-11T15:54:43,0,50,0,50
2025-04-11T16:02:34,0,50,0,50
2025-04-11T16:10:26,0,50,0,50
2025-04-11T16:18:18,0,50,0,50
2025-04-11T16:26:21,0,50,0,50
2025-04-11T16:34:12,0,50,0,50
2025-04-11T16:42:04,0,50,0,50
2025-04-11T16:49:55,0,50,0,50
2025-04-11T16:57:47,0,50,0,50
2025-04-11T17:05:39,0,50,0,50
2025-04-11T17:13:31,0,50,0,50
2025-04-11T17:21:24,0,50,0,50
2025-04-11T17:29:16,0,50,0,50
2025-04-11T17:37:07,0,50,0,50
2025-04-11T17:44:59,0,50,0,50
2025-04-11T17:52:50,0,50,0,50
2025-04-11T18:00:43,0,50,0,50
2025-04-11T18:08:34,0,50,0,50
2025-04-11T18:16:36,0,50,0,50
2025-04-11T18:24:27,0,50,0,50
2025-04-11T18:32:18,0,50,0,50
2025-04-11T18:40:10,0,50,0,50
2025-04-11T18:48:01,0,50,0,50
2025-04-11T18:55:53,0,50,0,50
2025-04-11T19:03:45,0,50,0,50
2025-04-11T19:11:36,0,50,0,50
2025-04-11T19:19:28,0,50,0,50
2025-04-11T19:27:19,0,50,0,50
2025-04-11T19:35:10,0,50,0,50
2025-04-11T19:43:02,0,50,0,50
2025-04-11T19:50:54,0,50,0,50
2025-04-11T19:58:45,0,50,0,50
2025-04-11T20:06:36,0,50,0,50
2025-04-11T20:14:28,0,50,0,50
2025-04-11T20:22:20,0,50,0,50
2025-04-11T20:30:19,0,50,0,50
2025-04-11T20:38:11,0,50,0,50
2025-04-11T20:46:02,0,50,0,50
2025-04-11T20:53:54,0,50,0,50
2025-04-11T21:01:45,0,50,0,50
2025-04-11T21:09:37,0,50,0,50
2025-04-11T21:17:28,0,50,0,50
2025-04-11T21:25:20,0,50,0,50
2025-04-11T21:33:12,0,50,0,50
2025-04-11T21:41:03,0,50,0,50
2025-04-11T21:48:55,0,50,0,50
2025-04-11T21:56:46,0,50,0,50
2025-04-11T22:04:38,0,50,0,50
2025-04-11T22:12:28,0,50,0,50
2025-04-11T22:20:19,0,50,0,50
2025-04-11T22:28:10,0,50,0,50
2025-04-11T22:36:03,0,50,0,50
2025-04-11T22:43:55,0,50,0,50
2025-04-11T22:51:57,0,50,0,50
2025-04-11T22:59:49,0,50,0,50
2025-04-11T23:07:42,0,50,0,50
2025-04-11T23:15:34,0,50,0,50
2025-04-11T23:23:26,0,50,0,50
2025-04-11T23:31:18,0,50,0,50
2025-04-11T23:39:09,0,50,0,50
2025-04-11T23:47:01,0,50,0,50
2025-04-11T23:54:53,0,50,0,50
2025-04-12T00:02:45,0,50,0,50
2025-04-12T00:10:37,0,50,0,50
2025-04-12T00:18:32,0,50,0,50
2025-04-12T00:26:25,0,50,0,50
2025-04-12T00:34:18,0,50,0,50
2025-04-12T00:42:10,0,50,0,50
2025-04-12T00:50:04,0,50,0,50
2025-04-12T00:57:58,0,50,0,50
2025-04-12T01:05:50,0,50,0,50
2025-04-12T01:13:44,0,50,0,50
2025-04-12T01:21:37,0,50,0,50
2025-04-12T01:29:29,0,50,0,50
2025-04-12T01:37:22,0,50,0,50
2025-04-12T01:45:15,0,50,0,50
2025-04-12T01:53:07,0,50,0,50
2025-04-12T02:01:00,0,50,0,50
2025-04-12T02:08:52,0,50,0,50
2025-04-12T02:16:53,0,50,0,50
2025-04-12T02:24:45,0,50,0,50
2025-04-12T02:32:36,0,50,0,50
2025-04-12T02:40:28,0,50,0,50
2025-04-12T02:48:22,0,50,0,50
2025-04-12T02:56:24,0,50,0,50
2025-04-12T03:04:17,0,50,0,50
2025-04-12T03:12:10,0,50,0,50
2025-04-12T03:20:02,0,50,0,50
2025-04-12T03:27:55,0,50,0,50
2025-04-12T03:35:47,0,50,0,50
2025-04-12T03:43:39,0,50,0,50
2025-04-12T03:51:32,0,50,0,50
2025-04-12T03:59:25,0,50,0,50
2025-04-12T04:07:19,0,50,0,50
2025-04-12T04:26:10,0,50,0,50
2025-04-12T04:34:26,0,50,0,50
2025-04-12T04:42:19,0,50,0,50
2025-04-12T04:50:12,0,50,0,50
2025-04-12T04:58:05,0,50,0,50
2025-04-12T05:05:57,0,50,0,50
2025-04-12T05:13:50,0,50,0,50
2025-04-12T05:21:42,0,50,0,50
2025-04-12T05:29:35,0,50,0,50
2025-04-12T05:37:27,0,50,0,50
2025-04-12T05:45:20,0,50,0,50
2025-04-12T05:53:12,0,50,0,50
2025-04-12T06:01:05,0,50,0,50
2025-04-12T06:08:58,0,50,0,50
2025-04-12T06:16:50,0,50,0,50
2025-04-12T06:24:42,0,50,0,50
2025-04-12T06:32:35,0,50,0,50
2025-04-12T06:40:27,0,50,0,50
2025-04-12T06:48:19,0,50,0,50
2025-04-12T06:56:11,0,50,0,50
2025-04-12T07:04:03,0,50,0,50
2025-04-12T07:11:57,0,50,0,50
2025-04-12T07:19:49,0,50,0,50
2025-04-12T07:27:43,0,50,0,50
2025-04-12T07:35:35,0,50,0,50
2025-04-12T07:43:29,0,50,0,50
2025-04-12T07:51:21,0,50,0,50
2025-04-12T07:59:14,0,50,0,50
2025-04-12T08:07:13,0,50,0,50
2025-04-12T08:15:06,0,50,0,50
2025-04-12T08:22:58,0,50,0,50
2025-04-12T08:30:51,0,50,0,50
2025-04-12T08:38:43,0,50,0,50
2025-04-12T08:46:35,0,50,0,50
2025-04-12T08:54:26,0,50,0,50
2025-04-12T09:02:19,0,50,0,50
2025-04-12T09:10:12,0,50,0,50
2025-04-12T09:18:04,0,50,0,50
2025-04-12T09:25:55,0,50,0,50
2025-04-12T09:33:48,0,50,0,50
2025-04-12T09:41:39,0,50,0,50
2025-04-12T09:49:31,0,50,0,50
2025-04-12T09:57:22,0,50,0,50
2025-04-12T10:05:14,0,50,0,50
2025-04-12T10:13:06,0,50,0,50
2025-04-12T10:20:58,0,50,0,50
2025-04-12T10:28:50,0,50,0,50
2025-04-12T10:36:41,0,50,0,50
2025-04-12T10:44:33,0,50,0,50
2025-04-12T10:52:25,0,50,0,50
2025-04-12T11:00:24,0,50,0,50
2025-04-12T11:08:15,0,50,0,50
2025-04-12T11:16:07,0,50,0,50
2025-04-12T11:23:59,0,50,0,50
2025-04-12T11:31:50,0,50,0,50
2025-04-12T11:39:42,0,50,0,50
2025-04-12T11:47:34,0,50,0,50
2025-04-12T11:55:26,0,50,0,50
2025-04-12T12:03:17,0,50,0,50
2025-04-12T12:11:09,0,50,0,50
2025-04-12T12:19:02,0,50,0,50
2025-04-12T12:26:55,0,50,0,50
2025-04-12T12:34:46,0,50,0,50
2025-04-12T12:42:38,0,50,0,50
2025-04-12T12:50:29,0,50,0,50
2025-04-12T12:58:21,0,50,0,50
2025-04-12T13:06:23,0,50,0,50
2025-04-12T13:14:14,0,50,0,50
2025-04-12T13:22:06,0,50,0,50
2025-04-12T13:29:57,0,50,0,50
2025-04-12T13:37:49,0,50,0,50
2025-04-12T13:45:40,0,50,0,50
2025-04-12T13:53:32,0,50,0,50
2025-04-12T14:01:23,0,50,0,50
2025-04-12T14:09:15,0,50,0,50
2025-04-12T14:17:08,0,50,0,50
2025-04-12T14:24:59,0,50,0,50
2025-04-12T14:32:50,0,50,0,50
2025-04-12T14:40:42,0,50,0,50
2025-04-12T14:48:33,0,50,0,50
2025-04-12T14:56:25,0,50,0,50
2025-04-12T15:04:16,0,50,0,50
2025-04-12T15:12:08,0,50,0,50
2025-04-12T15:19:59,0,50,0,50
2025-04-12T15:27:51,0,50,0,50
2025-04-12T15:35:42,0,50,0,50
2025-04-12T15:43:34,0,50,0,50
2025-04-12T15:51:25,0,50,0,50
2025-04-12T15:59:25,0,50,0,50
2025-04-12T16:07:16,0,50,0,50
2025-04-12T16:15:08,0,50,0,50
2025-04-12T16:23:00,0,50,0,50
2025-04-12T16:30:52,0,50,0,50
2025-04-12T16:38:43,0,50,0,50
2025-04-12T16:46:35,0,50,0,50
2025-04-12T16:54:26,0,50,0,50
2025-04-12T17:02:18,0,50,0,50
2025-04-12T17:10:10,0,50,0,50
2025-04-12T17:18:02,0,50,0,50
2025-04-12T17:25:54,0,50,0,50
2025-04-12T17:33:46,0,50,0,50
2025-04-12T17:41:37,0,50,0,50
2025-04-12T17:49:28,0,50,0,50
2025-04-12T17:57:20,0,50,0,50
2025-04-12T18:05:14,0,50,0,50
2025-04-12T18:13:06,0,50,0,50
2025-04-12T18:20:58,0,50,0,50
2025-04-12T18:28:51,0,50,0,50
2025-04-12T18:36:42,0,50,0,50
2025-04-12T18:44:34,0,50,0,50
2025-04-12T18:52:25,0,50,0,50
2025-04-12T19:00:25,0,50,0,50
2025-04-12T19:08:17,0,50,0,50
2025-04-12T19:16:08,0,50,0,50
2025-04-12T19:24:00,0,50,0,50
2025-04-12T19:31:52,0,50,0,50
2025-04-12T19:39:43,0,50,0,50
2025-04-12T19:47:35,0,50,0,50
2025-04-12T19:55:26,0,50,0,50
2025-04-12T20:03:18,0,50,0,50
2025-04-12T20:11:09,0,50,0,50
2025-04-12T20:19:01,0,50,0,50
2025-04-12T20:26:52,0,50,0,50
2025-04-12T20:34:44,0,50,0,50
2025-04-12T20:42:35,0,50,0,50
2025-04-12T20:50:27,0,50,0,50
2025-04-12T20:58:18,0,50,0,50
2025-04-12T21:06:10,0,50,0,50
2025-04-12T21:14:01,0,50,0,50
2025-04-12T21:21:53,0,50,0,50
2025-04-12T21:29:45,0,50,0,50
2025-04-12T21:37:37,0,50,0,50
2025-04-12T21:45:28,0,50,0,50
2025-04-12T21:53:20,0,50,0,50
2025-04-12T22:01:11,0,50,0,50
2025-04-12T22:09:03,0,50,0,50
2025-04-12T22:17:03,0,50,0,50
2025-04-12T22:24:55,0,50,0,50
2025-04-12T22:32:46,0,50,0,50
2025-04-12T22:40:39,0,50,0,50
2025-04-12T22:48:32,0,50,0,50
2025-04-12T22:56:25,0,50,0,50
2025-04-12T23:04:17,0,50,0,50
2025-04-12T23:12:08,0,50,0,50
2025-04-12T23:20:01,0,50,0,50
2025-04-12T23:27:52,0,50,0,50
2025-04-12T23:35:43,0,50,0,50
2025-04-12T23:43:35,0,50,0,50
2025-04-12T23:51:26,0,50,0,50
2025-04-12T23:59:18,0,50,0,50
2025-04-13T00:07:10,0,50,0,50
2025-04-13T00:15:02,0,50,0,50
2025-04-13T00:22:54,0,50,0,50
2025-04-13T00:30:46,0,50,0,50
2025-04-13T00:38:38,0,50,0,50
2025-04-13T00:46:30,0,50,0,50
2025-04-13T00:54:22,0,50,0,50
2025-04-13T01:02:13,0,50,0,50
2025-04-13T01:10:06,0,50,0,50
2025-04-13T01:17:57,0,50,0,50
2025-04-13T01:25:49,0,50,0,50
2025-04-13T01:33:41,0,50,0,50
2025-04-13T01:41:32,0,50,0,50
2025-04-13T01:49:24,0,50,0,50
2025-04-13T01:57:15,0,50,0,50
2025-04-13T02:05:16,0,50,0,50
2025-04-13T02:13:08,0,50,0,50
2025-04-13T02:21:00,0,50,0,50
2025-04-13T02:28:51,0,50,0,50
2025-04-13T02:36:43,0,50,0,50
2025-04-13T02:44:35,0,50,0,50
2025-04-13T02:52:27,0,50,0,50
2025-04-13T03:00:19,0,50,0,50
2025-04-13T03:08:10,0,50,0,50
2025-04-13T03:16:02,0,50,0,50
2025-04-13T03:23:54,0,50,0,50
2025-04-13T03:31:45,0,50,0,50
2025-04-13T03:39:38,0,50,0,50
2025-04-13T03:47:32,0,50,0,50
2025-04-13T03:55:24,0,50,0,50
2025-04-13T04:03:17,0,50,0,50
2025-04-13T04:11:10,0,50,0,50
2025-04-13T04:24:41,0,50,0,50
2025-04-13T04:33:01,0,50,0,50
2025-04-13T04:40:55,0,50,0,50
2025-04-13T04:48:48,0,50,0,50
2025-04-13T04:57:18,0,50,0,50
2025-04-13T05:05:11,0,50,0,50
2025-04-13T05:13:24,0,50,0,50
2025-04-13T05:21:18,0,50,0,50
2025-04-13T05:29:10,0,50,0,50
2025-04-13T05:37:06,0,50,0,50
2025-04-13T05:44:59,0,50,0,50
2025-04-13T05:52:53,0,50,0,50
2025-04-13T06:00:46,0,50,0,50
2025-04-13T06:08:39,0,50,0,50
2025-04-13T06:16:35,0,50,0,50
2025-04-13T06:24:27,0,50,0,50
2025-04-13T06:32:20,0,50,0,50
2025-04-13T06:40:13,0,50,0,50
2025-04-13T06:48:06,0,50,0,50
2025-04-13T06:55:59,0,50,0,50
2025-04-13T07:03:53,0,50,0,50
2025-04-13T07:11:45,0,50,0,50
2025-04-13T07:19:38,0,50,0,50
2025-04-13T07:27:31,0,50,0,50
2025-04-13T07:35:24,0,50,0,50
2025-04-13T07:43:16,0,50,0,50
2025-04-13T07:51:11,0,50,0,50
2025-04-13T07:59:04,0,50,0,50
2025-04-13T08:06:57,0,50,0,50
2025-04-13T08:14:49,0,50,0,50
2025-04-13T08:22:41,0,50,0,50
2025-04-13T08:30:34,0,50,0,50
2025-04-13T08:38:26,0,50,0,50
2025-04-13T08:46:18,0,50,0,50
2025-04-13T08:54:10,0,50,0,50
2025-04-13T09:02:03,0,50,0,50
2025-04-13T09:09:55,0,50,0,50
2025-04-13T09:17:48,0,50,0,50
2025-04-13T09:25:40,0,50,0,50
2025-04-13T09:33:32,0,50,0,50
2025-04-13T09:41:25,0,50,0,50
2025-04-13T09:49:17,0,50,0,50
2025-04-13T09:57:20,0,50,0,50
2025-04-13T10:05:12,0,50,0,50
2025-04-13T10:13:05,0,50,0,50
2025-04-13T10:20:58,0,50,0,50
2025-04-13T10:28:51,0,50,0,50
2025-04-13T10:36:43,0,50,0,50
2025-04-13T10:44:35,0,50,0,50
2025-04-13T10:52:27,0,50,0,50
2025-04-13T11:00:20,0,50,0,50
2025-04-13T11:08:12,0,50,0,50
2025-04-13T11:16:05,0,50,0,50
2025-04-13T11:23:57,0,50,0,50
2025-04-13T11:31:49,0,50,0,50
2025-04-13T11:39:41,0,50,0,50
2025-04-13T11:47:33,0,50,0,50
2025-04-13T11:55:25,0,50,0,50
2025-04-13T12:03:17,0,50,0,50
2025-04-13T12:11:09,0,50,0,50
2025-04-13T12:19:01,0,50,0,50
2025-04-13T12:26:54,0,50,0,50
2025-04-13T12:34:47,0,50,0,50
2025-04-13T12:42:38,0,50,0,50
2025-04-13T12:50:30,0,50,0,50
2025-04-13T12:58:22,0,50,0,50
2025-04-13T13:06:14,0,50,0,50
2025-04-13T13:14:06,0,50,0,50
2025-04-13T13:22:08,0,50,0,50
2025-04-13T13:30:00,0,50,0,50
2025-04-13T13:37:51,0,50,0,50
2025-04-13T13:45:43,0,50,0,50
2025-04-13T13:53:35,0,50,0,50
2025-04-13T14:01:27,0,50,0,50
2025-04-13T14:09:18,0,50,0,50
2025-04-13T14:17:10,0,50,0,50
2025-04-13T14:25:02,0,50,0,50
2025-04-13T14:32:53,0,50,0,50
2025-04-13T14:40:46,0,50,0,50
2025-04-13T14:48:38,0,50,0,50
2025-04-13T14:56:29,0,50,0,50
2025-04-13T15:04:21,0,50,0,50
2025-04-13T15:12:14,0,50,0,50
2025-04-13T15:20:06,0,50,0,50
2025-04-13T15:27:58,0,50,0,50
2025-04-13T15:35:51,0,50,0,50
2025-04-13T15:43:52,0,50,0,50
2025-04-13T15:51:43,0,50,0,50
2025-04-13T15:59:35,0,50,0,50
2025-04-13T16:07:27,0,50,0,50
2025-04-13T16:15:19,0,50,0,50
2025-04-13T16:23:11,0,50,0,50
2025-04-13T16:31:03,0,50,0,50
2025-04-13T16:38:55,0,50,0,50
2025-04-13T16:46:47,0,50,0,50
2025-04-13T16:54:38,0,50,0,50
2025-04-13T17:02:30,0,50,0,50
2025-04-13T17:10:22,0,50,0,50
2025-04-13T17:18:14,0,50,0,50
2025-04-13T17:26:06,0,50,0,50
2025-04-13T17:33:57,0,50,0,50
2025-04-13T17:41:49,0,50,0,50
2025-04-13T17:49:42,0,50,0,50
2025-04-13T17:57:34,0,50,0,50
2025-04-13T18:05:26,0,50,0,50
2025-04-13T18:13:18,0,50,0,50
2025-04-13T18:21:10,0,50,0,50
2025-04-13T18:29:01,0,50,0,50
2025-04-13T18:36:53,0,50,0,50
2025-04-13T18:44:54,0,50,0,50
2025-04-13T18:52:46,0,50,0,50
2025-04-13T19:00:38,0,50,0,50
2025-04-13T19:08:30,0,50,0,50
2025-04-13T19:16:21,0,50,0,50
2025-04-13T19:24:13,0,50,0,50
2025-04-13T19:32:05,0,50,0,50
2025-04-13T19:39:56,0,50,0,50
2025-04-13T19:47:48,0,50,0,50
2025-04-13T19:55:40,0,50,0,50
2025-04-13T20:03:31,0,50,0,50
2025-04-13T20:11:23,0,50,0,50
2025-04-13T20:19:15,0,50,0,50
2025-04-13T20:27:06,0,50,0,50
2025-04-13T20:34:58,0,50,0,50
2025-04-13T20:42:50,0,50,0,50
2025-04-13T20:50:41,0,50,0,50
2025-04-13T20:58:44,0,50,0,50
2025-04-13T21:06:36,0,50,0,50
2025-04-13T21:14:28,0,50,0,50
2025-04-13T21:22:20,0,50,0,50
2025-04-13T21:30:11,0,50,0,50
2025-04-13T21:38:04,0,50,0,50
2025-04-13T21:45:55,0,50,0,50
2025-04-13T21:53:47,0,50,0,50
2025-04-13T22:01:39,0,50,0,50
2025-04-13T22:09:30,0,50,0,50
2025-04-13T22:17:22,0,50,0,50
2025-04-13T22:25:14,0,50,0,50
2025-04-13T22:33:06,0,50,0,50
2025-04-13T22:40:58,0,50,0,50
2025-04-13T22:48:50,0,50,0,50
2025-04-13T22:56:42,0,50,0,50
2025-04-13T23:04:34,0,50,0,50
2025-04-13T23:12:26,0,50,0,50
2025-04-13T23:20:28,0,50,0,50
2025-04-13T23:28:21,0,50,0,50
2025-04-13T23:36:13,0,50,0,50
2025-04-13T23:44:05,0,50,0,50
2025-04-13T23:51:59,0,50,0,50
2025-04-13T23:59:52,0,50,0,50
2025-04-14T00:07:44,0,50,0,50
2025-04-14T00:15:38,0,50,0,50
2025-04-14T00:23:31,0,50,0,50
2025-04-14T00:31:24,0,50,0,50
2025-04-14T00:39:17,0,50,0,50
2025-04-14T00:47:09,0,50,0,50
2025-04-14T00:55:02,0,50,0,50
2025-04-14T01:02:57,0,50,0,50
2025-04-14T01:10:49,0,50,0,50
2025-04-14T01:18:42,0,50,0,50
2025-04-14T01:26:34,0,50,0,50
2025-04-14T01:34:27,0,50,0,50
2025-04-14T01:42:19,0,50,0,50
2025-04-14T01:50:11,0,50,0,50
2025-04-14T01:58:04,0,50,0,50
2025-04-14T02:05:56,0,50,0,50
2025-04-14T02:13:49,0,50,0,50
2025-04-14T02:21:41,0,50,0,50
2025-04-14T02:29:43,0,50,0,50
2025-04-14T02:37:36,0,50,0,50
2025-04-14T02:45:28,0,50,0,50
2025-04-14T02:53:20,0,50,0,50
2025-04-14T03:01:12,0,50,0,50
2025-04-14T03:09:04,0,50,0,50
2025-04-14T03:16:56,0,50,0,50
2025-04-14T03:24:48,0,50,0,50
2025-04-14T03:32:40,0,50,0,50
2025-04-14T03:40:33,0,50,0,50
2025-04-14T03:48:25,0,50,0,50
2025-04-14T03:56:17,0,50,0,50
2025-04-14T04:04:10,0,50,0,50
2025-04-14T04:17:08,0,50,0,50
2025-04-14T04:25:01,0,50,0,50
2025-04-14T04:32:55,0,50,0,50
2025-04-14T04:42:03,0,50,0,50
2025-04-14T04:50:13,0,50,0,50
2025-04-14T04:58:06,0,50,0,50
2025-04-14T05:05:59,0,50,0,50
2025-04-14T05:13:51,0,50,0,50
2025-04-14T05:21:44,0,50,0,50
2025-04-14T05:29:36,0,50,0,50
2025-04-14T05:37:28,0,50,0,50
2025-04-14T05:45:20,0,50,0,50
2025-04-14T05:53:14,0,50,0,50
2025-04-14T06:01:06,0,50,0,50
2025-04-14T06:08:58,0,50,0,50
2025-04-14T06:16:51,0,50,0,50
2025-04-14T06:24:44,0,50,0,50
2025-04-14T06:32:36,0,50,0,50
2025-04-14T06:40:29,0,50,0,50
2025-04-14T06:48:23,0,50,0,50
2025-04-14T06:56:15,0,50,0,50
2025-04-14T07:04:08,0,50,0,50
2025-04-14T07:12:01,0,50,0,50
2025-04-14T07:19:53,0,50,0,50
2025-04-14T07:27:46,0,50,0,50
2025-04-14T07:35:38,0,50,0,50
2025-04-14T07:43:31,0,50,0,50
2025-04-14T07:51:23,0,50,0,50
2025-04-14T07:59:15,0,50,0,50
2025-04-14T08:07:08,0,50,0,50
2025-04-14T08:15:01,0,50,0,50
2025-04-14T08:22:54,0,50,0,50
2025-04-14T08:30:46,0,50,0,50
2025-04-14T08:38:38,0,50,0,50
2025-04-14T08:46:29,0,50,0,50
2025-04-14T08:54:22,0,50,0,50
2025-04-14T09:02:17,0,50,0,50
2025-04-14T09:10:18,0,50,0,50
2025-04-14T09:18:10,0,50,0,50
2025-04-14T09:26:02,0,50,0,50
2025-04-14T09:33:55,0,50,0,50
2025-04-14T09:41:47,0,50,0,50
2025-04-14T09:49:40,0,50,0,50
2025-04-14T09:57:31,0,50,0,50
2025-04-14T10:05:23,0,50,0,50
2025-04-14T10:13:15,0,50,0,50
2025-04-14T10:21:07,0,50,0,50
2025-04-14T10:28:58,1,49,0,50
2025-04-14T10:36:50,1,49,0,50
2025-04-14T10:44:50,1,49,0,50
2025-04-14T10:52:42,1,49,0,50
2025-04-14T11:00:34,1,49,0,50
2025-04-14T11:08:26,1,49,0,50
2025-04-14T11:16:18,1,49,0,50
2025-04-14T11:24:10,1,49,0,50
2025-04-14T11:32:01,1,49,0,50
2025-04-14T11:39:54,1,49,0,50
2025-04-14T11:47:45,1,49,0,50
2025-04-14T11:55:37,1,49,0,50
2025-04-14T12:03:29,1,49,0,50
2025-04-14T12:11:34,1,49,0,50
2025-04-14T12:19:27,1,49,0,50
2025-04-14T12:27:19,1,49,0,50
2025-04-14T12:35:10,1,49,0,50
2025-04-14T12:43:02,1,49,0,50
2025-04-14T12:51:03,1,49,0,50
2025-04-14T12:58:55,1,49,0,50
2025-04-14T13:06:47,1,49,0,50
2025-04-14T13:14:40,1,49,0,50
2025-04-14T13:22:32,1,49,0,50
2025-04-14T13:30:24,1,49,0,50
2025-04-14T13:38:17,1,49,0,50
2025-04-14T13:46:09,1,49,0,50
2025-04-14T13:54:01,1,49,0,50
2025-04-14T14:01:52,1,49,0,50
2025-04-14T14:09:45,1,49,0,50
2025-04-14T14:17:47,1,49,0,50
2025-04-14T14:25:38,1,49,0,50
2025-04-14T14:33:30,1,49,0,50
2025-04-14T14:41:22,1,49,0,50
2025-04-14T14:49:14,1,49,0,50
2025-04-14T14:57:06,1,49,0,50
2025-04-14T15:04:58,1,49,0,50
2025-04-14T15:12:50,2,48,0,50
2025-04-14T15:20:42,2,48,0,50
2025-04-14T15:28:36,2,48,0,50
2025-04-14T15:36:39,2,48,0,50
2025-04-14T15:44:32,2,48,0,50
2025-04-14T15:52:24,2,48,0,50
2025-04-14T16:00:16,2,48,0,50
2025-04-14T16:08:11,2,48,0,50
2025-04-14T16:16:04,2,48,0,50
2025-04-14T16:23:56,2,48,0,50
2025-04-14T16:31:48,2,48,0,50
2025-04-14T16:39:41,2,48,0,50
2025-04-14T16:47:33,2,48,0,50
2025-04-14T16:55:25,2,48,0,50
2025-04-14T17:03:28,2,48,0,50
2025-04-14T17:11:20,2,48,0,50
2025-04-14T17:19:13,2,48,0,50
2025-04-14T17:27:06,2,48,0,50
2025-04-14T17:34:58,2,48,0,50
2025-04-14T17:42:50,2,48,0,50
2025-04-14T17:50:43,2,48,0,50
2025-04-14T17:58:37,2,48,0,50
2025-04-14T18:06:29,2,48,0,50
2025-04-14T18:14:21,2,48,0,50
2025-04-14T18:22:12,2,48,0,50
2025-04-14T18:30:14,2,48,0,50
2025-04-14T18:38:06,2,48,0,50
2025-04-14T18:45:58,2,48,0,50
2025-04-14T18:53:49,2,48,0,50
2025-04-14T19:01:41,2,48,0,50
2025-04-14T19:09:34,2,48,0,50
2025-04-14T19:17:26,2,48,0,50
2025-04-14T19:25:18,2,48,0,50
2025-04-14T19:33:10,2,48,0,50
2025-04-14T19:41:02,2,48,0,50
2025-04-14T19:48:54,2,48,0,50
2025-04-14T19:56:46,2,48,0,50
2025-04-14T20:04:37,2,48,0,50
2025-04-14T20:12:29,2,48,0,50
2025-04-14T20:20:32,2,48,0,50
2025-04-14T20:28:24,2,48,0,50
2025-04-14T20:36:17,2,48,0,50
2025-04-14T20:44:08,2,48,0,50
2025-04-14T20:52:00,2,48,0,50
2025-04-14T20:59:52,2,48,0,50
2025-04-14T21:07:43,2,48,0,50
2025-04-14T21:15:35,2,48,0,50
2025-04-14T21:23:27,2,48,0,50
2025-04-14T21:31:20,2,48,0,50
2025-04-14T21:39:12,2,48,0,50
2025-04-14T21:47:04,2,48,0,50
2025-04-14T21:54:56,2,48,0,50
2025-04-14T22:02:48,2,48,0,50
2025-04-14T22:10:51,2,48,0,50
2025-04-14T22:18:43,2,48,0,50
2025-04-14T22:26:35,2,48,0,50
2025-04-14T22:34:28,2,48,0,50
2025-04-14T22:42:19,2,48,0,50
2025-04-14T22:50:11,2,48,0,50
2025-04-14T22:58:03,2,48,0,50
2025-04-14T23:05:56,2,48,0,50
2025-04-14T23:13:48,2,48,0,50
2025-04-14T23:21:41,2,48,0,50
2025-04-14T23:29:33,2,48,0,50
2025-04-14T23:37:25,2,48,0,50
2025-04-14T23:45:17,2,48,0,50
2025-04-14T23:53:10,2,48,0,50
2025-04-15T00:01:04,2,48,0,50
2025-04-15T00:08:56,2,48,0,50
2025-04-15T00:16:59,2,48,0,50
2025-04-15T00:24:53,2,48,0,50
2025-04-15T00:32:47,2,48,0,50
2025-04-15T00:40:40,2,48,0,50
2025-04-15T00:48:33,2,48,0,50
2025-04-15T00:56:25,2,48,0,50
2025-04-15T01:04:18,2,48,0,50
2025-04-15T01:12:11,2,48,0,50
2025-04-15T01:20:03,2,48,0,50
2025-04-15T01:27:55,2,48,0,50
2025-04-15T01:35:48,2,48,0,50
2025-04-15T01:43:40,2,48,0,50
2025-04-15T01:51:33,2,48,0,50
2025-04-15T01:59:25,2,48,0,50
2025-04-15T02:07:17,2,48,0,50
2025-04-15T02:15:09,2,48,0,50
2025-04-15T02:23:01,2,48,0,50
2025-04-15T02:30:53,2,48,0,50
2025-04-15T02:38:46,2,48,0,50
2025-04-15T02:46:38,2,48,0,50
2025-04-15T02:54:30,2,48,0,50
2025-04-15T03:02:31,2,48,0,50
2025-04-15T03:10:24,2,48,0,50
2025-04-15T03:18:16,2,48,0,50
2025-04-15T03:26:09,2,48,0,50
2025-04-15T03:34:01,2,48,0,50
2025-04-15T03:41:53,2,48,0,50
2025-04-15T03:49:45,2,48,0,50
2025-04-15T03:58:15,2,48,0,50
2025-04-15T04:07:43,2,48,0,50
2025-04-15T04:20:32,2,48,0,50
2025-04-15T04:28:49,2,48,0,50
2025-04-15T04:36:42,2,48,0,50
2025-04-15T04:44:35,2,48,0,50
2025-04-15T04:52:28,2,48,0,50
2025-04-15T05:00:20,2,48,0,50
2025-04-15T05:08:13,2,48,0,50
2025-04-15T05:16:05,2,48,0,50
2025-04-15T05:23:57,2,48,0,50
2025-04-15T05:31:50,2,48,0,50
2025-04-15T05:39:42,2,48,0,50
2025-04-15T05:47:35,2,48,0,50
2025-04-15T05:55:29,2,48,0,50
2025-04-15T06:03:21,2,48,0,50
2025-04-15T06:11:14,2,48,0,50
2025-04-15T06:19:06,2,48,0,50
2025-04-15T06:26:59,2,48,0,50
2025-04-15T06:34:52,2,48,0,50
2025-04-15T06:42:47,2,48,0,50
2025-04-15T06:50:40,2,48,0,50
2025-04-15T06:58:32,2,48,0,50
2025-04-15T07:06:25,2,48,0,50
2025-04-15T07:14:17,2,48,0,50
2025-04-15T07:22:10,2,48,0,50
2025-04-15T07:30:03,2,48,0,50
2025-04-15T07:37:55,2,48,0,50
2025-04-15T07:45:47,2,48,0,50
2025-04-15T07:53:38,2,48,0,50
2025-04-15T08:01:30,2,48,0,50
2025-04-15T08:09:23,2,48,0,50
2025-04-15T08:17:14,2,48,0,50
2025-04-15T08:25:06,2,48,0,50
2025-04-15T08:32:58,2,48,0,50
2025-04-15T08:40:49,2,48,0,50
2025-04-15T08:48:41,2,48,0,50
2025-04-15T08:56:33,2,48,0,50
2025-04-15T09:04:33,2,48,0,50
2025-04-15T09:12:26,2,48,0,50
2025-04-15T09:20:18,2,48,0,50
2025-04-15T09:28:11,2,48,0,50
2025-04-15T09:36:04,2,48,0,50
2025-04-15T09:43:57,2,48,0,50
2025-04-15T09:51:50,2,48,0,50
2025-04-15T09:59:44,2,48,0,50
2025-04-15T10:07:37,2,48,0,50
2025-04-15T10:15:30,2,48,0,50
2025-04-15T10:23:24,2,48,0,50
2025-04-15T10:31:19,2,48,0,50
2025-04-15T10:39:23,2,48,0,50
2025-04-15T10:47:17,2,48,0,50
2025-04-15T10:55:10,2,48,0,50
2025-04-15T11:03:05,2,48,0,50
2025-04-15T11:11:00,2,48,0,50
2025-04-15T11:18:56,2,48,0,50
2025-04-15T11:26:53,2,48,0,50
2025-04-15T11:34:47,2,48,0,50
2025-04-15T11:42:41,2,48,0,50
2025-04-15T11:50:35,2,48,0,50
2025-04-15T11:58:38,2,48,0,50
2025-04-15T12:06:31,2,48,0,50
2025-04-15T12:14:26,2,48,0,50
2025-04-15T12:22:24,2,48,0,50
2025-04-15T12:30:18,2,48,0,50
2025-04-15T12:38:10,2,48,0,50
2025-04-15T12:46:12,2,48,0,50
2025-04-15T12:54:06,2,48,0,50
2025-04-15T13:01:59,2,48,0,50
2025-04-15T13:09:53,2,48,0,50
2025-04-15T13:17:47,2,48,0,50
2025-04-15T13:25:40,2,48,0,50
2025-04-15T13:33:33,2,48,0,50
2025-04-15T13:41:26,2,48,0,50
2025-04-15T13:49:18,2,48,0,50
2025-04-15T13:57:11,2,48,0,50
2025-04-15T14:05:15,2,48,0,50
2025-04-15T14:13:11,2,48,0,50
2025-04-15T14:21:04,2,48,0,50
2025-04-15T14:28:56,2,48,0,50
2025-04-15T14:36:49,2,48,0,50
2025-04-15T14:44:43,2,48,0,50
2025-04-15T14:52:36,2,48,0,50
2025-04-15T15:00:28,2,48,0,50
2025-04-15T15:08:32,2,48,0,50
2025-04-15T15:16:25,2,48,0,50
2025-04-15T15:24:18,2,48,0,50
2025-04-15T15:32:11,2,48,0,50
2025-04-15T15:40:03,2,48,0,50
2025-04-15T15:47:56,2,48,0,50
2025-04-15T15:55:50,2,48,0,50
2025-04-15T16:03:54,2,48,0,50
2025-04-15T16:11:46,2,48,0,50
2025-04-15T16:19:39,2,48,0,50
2025-04-15T16:27:31,2,48,0,50
2025-04-15T16:35:25,2,48,0,50
2025-04-15T16:43:19,2,48,0,50
2025-04-15T16:51:11,2,48,0,50
2025-04-15T16:59:04,2,48,0,50
2025-04-15T17:06:57,2,48,0,50
2025-04-15T17:14:59,2,48,0,50
2025-04-15T17:22:52,2,48,0,50
2025-04-15T17:30:44,2,48,0,50
2025-04-15T17:38:37,2,48,0,50
2025-04-15T17:46:29,2,48,0,50
2025-04-15T17:54:22,2,48,0,50
2025-04-15T18:02:15,2,48,0,50
2025-04-15T18:10:07,2,48,0,50
2025-04-15T18:17:59,2,48,0,50
2025-04-15T18:25:52,2,48,0,50
2025-04-15T18:33:44,2,48,0,50
2025-04-15T18:41:45,2,48,0,50
2025-04-15T18:49:38,2,48,0,50
2025-04-15T18:57:30,2,48,0,50
2025-04-15T19:05:23,2,48,0,50
2025-04-15T19:13:15,2,48,0,50
2025-04-15T19:21:08,2,48,0,50
2025-04-15T19:29:00,2,48,0,50
2025-04-15T19:36:53,2,48,0,50
2025-04-15T19:44:45,2,48,0,50
2025-04-15T19:52:37,2,48,0,50
2025-04-15T20:00:30,2,48,0,50
2025-04-15T20:08:22,2,48,0,50
2025-04-15T20:16:24,2,48,0,50
2025-04-15T20:24:16,2,48,0,50
2025-04-15T20:32:08,2,48,0,50
2025-04-15T20:40:01,2,48,0,50
2025-04-15T20:47:53,2,48,0,50
2025-04-15T20:55:46,2,48,0,50
2025-04-15T21:03:38,2,48,0,50
2025-04-15T21:11:36,2,48,0,50
2025-04-15T21:19:29,2,48,0,50
2025-04-15T21:27:22,2,48,0,50
2025-04-15T21:35:14,2,48,0,50
2025-04-15T21:43:08,2,48,0,50
2025-04-15T21:51:10,2,48,0,50
2025-04-15T21:59:02,2,48,0,50
2025-04-15T22:06:55,2,48,0,50
2025-04-15T22:14:47,2,48,0,50
2025-04-15T22:22:40,2,48,0,50
2025-04-15T22:30:32,2,48,0,50
2025-04-15T22:38:25,2,48,0,50
2025-04-15T22:46:18,2,48,0,50
2025-04-15T22:54:10,2,48,0,50
2025-04-15T23:02:03,2,48,0,50
2025-04-15T23:09:57,2,48,0,50
2025-04-15T23:17:51,2,48,0,50
2025-04-15T23:25:44,2,48,0,50
2025-04-15T23:33:37,2,48,0,50
2025-04-15T23:41:30,2,48,0,50
2025-04-15T23:49:23,2,48,0,50
2025-04-15T23:57:24,2,48,0,50
2025-04-16T00:05:17,2,48,0,50
2025-04-16T00:13:11,2,48,0,50
2025-04-16T00:21:05,2,48,0,50
2025-04-16T00:28:59,2,48,0,50
2025-04-16T00:36:52,2,48,0,50
2025-04-16T00:44:46,2,48,0,50
2025-04-16T00:52:39,2,48,0,50
2025-04-16T01:00:34,2,48,0,50
2025-04-16T01:08:28,2,48,0,50
2025-04-16T01:16:22,2,48,0,50
2025-04-16T01:24:15,2,48,0,50
2025-04-16T01:32:09,2,48,0,50
2025-04-16T01:40:03,2,48,0,50
2025-04-16T01:47:57,2,48,0,50
2025-04-16T01:55:50,2,48,0,50
2025-04-16T02:03:44,2,48,0,50
2025-04-16T02:11:38,2,48,0,50
2025-04-16T02:19:31,2,48,0,50
2025-04-16T02:27:24,2,48,0,50
2025-04-16T02:35:17,2,48,0,50
2025-04-16T02:43:12,2,48,0,50
2025-04-16T02:51:06,2,48,0,50
2025-04-16T02:58:59,2,48,0,50
2025-04-16T03:06:52,2,48,0,50
2025-04-16T03:14:45,2,48,0,50
2025-04-16T03:22:39,2,48,0,50
2025-04-16T03:30:32,2,48,0,50
2025-04-16T03:38:25,2,48,0,50
2025-04-16T03:46:19,2,48,0,50
2025-04-16T03:54:21,2,48,0,50
2025-04-16T04:04:29,2,48,0,50
2025-04-16T04:20:33,2,48,0,50
2025-04-16T04:29:11,2,48,0,50
2025-04-16T04:37:05,2,48,0,50
2025-04-16T04:44:59,2,48,0,50
2025-04-16T04:52:52,2,48,0,50
2025-04-16T05:00:45,2,48,0,50
2025-04-16T05:08:39,2,48,0,50
2025-04-16T05:16:32,2,48,0,50
2025-04-16T05:24:26,2,48,0,50
2025-04-16T05:32:20,2,48,0,50
2025-04-16T05:40:14,2,48,0,50
2025-04-16T05:48:07,2,48,0,50
2025-04-16T05:56:01,2,48,0,50
2025-04-16T06:03:54,2,48,0,50
2025-04-16T06:11:47,2,48,0,50
2025-04-16T06:19:41,2,48,0,50
2025-04-16T06:27:34,2,48,0,50
2025-04-16T06:35:27,2,48,0,50
2025-04-16T06:43:21,2,48,0,50
2025-04-16T06:51:14,2,48,0,50
2025-04-16T06:59:08,2,48,0,50
2025-04-16T07:07:02,2,48,0,50
2025-04-16T07:14:54,2,48,0,50
2025-04-16T07:22:48,2,48,0,50
2025-04-16T07:30:41,2,48,0,50
2025-04-16T07:38:35,2,48,0,50
2025-04-16T07:46:28,2,48,0,50
2025-04-16T07:54:22,2,48,0,50
2025-04-16T08:02:15,2,48,0,50
2025-04-16T08:10:08,2,48,0,50
2025-04-16T08:18:01,2,48,0,50
2025-04-16T08:25:54,2,48,0,50
2025-04-16T08:33:47,2,48,0,50
2025-04-16T08:41:41,2,48,0,50
2025-04-16T08:49:34,2,48,0,50
2025-04-16T08:57:27,2,48,0,50
2025-04-16T09:05:23,2,48,0,50
2025-04-16T09:13:16,2,48,0,50
2025-04-16T09:21:16,2,48,0,50
2025-04-16T09:29:08,2,48,0,50
2025-04-16T09:37:01,2,48,0,50
2025-04-16T09:44:53,3,47,0,50
2025-04-16T09:52:46,3,47,0,50
2025-04-16T10:00:39,3,47,0,50
2025-04-16T10:08:32,4,46,0,50
2025-04-16T10:16:24,4,46,0,50
2025-04-16T10:24:17,4,46,0,50
2025-04-16T10:32:10,4,46,0,50
2025-04-16T10:40:03,4,46,0,50
2025-04-16T10:47:55,4,46,0,50
2025-04-16T10:55:58,4,46,0,50
2025-04-16T11:03:51,4,46,0,50
2025-04-16T11:11:44,4,46,0,50
2025-04-16T11:19:37,4,46,0,50
2025-04-16T11:27:30,4,46,0,50
2025-04-16T11:35:22,4,46,0,50
2025-04-16T11:43:15,4,46,0,50
2025-04-16T11:51:08,5,45,0,50
2025-04-16T11:59:01,5,45,0,50
2025-04-16T12:06:54,5,45,0,50
2025-04-16T12:14:57,5,45,0,50
2025-04-16T12:22:49,5,45,0,50
2025-04-16T12:30:43,5,45,0,50
2025-04-16T12:38:35,5,45,0,50
2025-04-16T12:46:28,5,45,0,50
2025-04-16T12:54:21,5,45,0,50
2025-04-16T13:02:13,5,45,0,50
2025-04-16T13:10:06,5,45,0,50
2025-04-16T13:17:59,5,45,0,50
2025-04-16T13:26:01,5,45,0,50
2025-04-16T13:33:54,5,45,0,50
2025-04-16T13:41:47,5,45,0,50
2025-04-16T13:49:40,6,44,0,50
2025-04-16T13:57:33,6,44,0,50
2025-04-16T14:05:25,6,44,0,50
2025-04-16T14:13:18,6,44,0,50
2025-04-16T14:21:11,6,44,0,50
2025-04-16T14:29:04,7,43,0,50
2025-04-16T14:36:56,7,43,0,50
2025-04-16T14:44:59,7,43,0,50
2025-04-16T14:52:51,7,43,0,50
2025-04-16T15:00:44,7,43,0,50
2025-04-16T15:08:37,7,43,0,50
2025-04-16T15:16:31,7,43,0,50
2025-04-16T15:24:23,7,43,0,50
2025-04-16T15:32:16,7,43,0,50
2025-04-16T15:40:19,7,43,0,50
2025-04-16T15:48:11,7,43,0,50
2025-04-16T15:56:04,7,43,0,50
2025-04-16T16:03:57,7,43,0,50
2025-04-16T16:11:49,7,43,0,50
2025-04-16T16:19:43,7,43,0,50
2025-04-16T16:27:36,7,43,0,50
2025-04-16T16:35:28,7,43,0,50
2025-04-16T16:43:21,7,43,0,50
2025-04-16T16:51:14,7,43,0,50
2025-04-16T16:59:06,7,43,0,50
2025-04-16T17:07:09,7,43,0,50
2025-04-16T17:15:03,7,43,0,50
2025-04-16T17:22:57,9,41,0,50
2025-04-16T17:30:49,9,41,0,50
2025-04-16T17:38:42,9,41,0,50
2025-04-16T17:46:34,9,41,0,50
2025-04-16T17:54:27,9,41,0,50
2025-04-16T18:02:30,9,41,0,50
2025-04-16T18:10:30,10,40,0,50
2025-04-16T18:18:23,10,40,0,50
2025-04-16T18:26:16,10,40,0,50
2025-04-16T18:34:12,10,40,0,50
2025-04-16T18:42:05,10,40,0,50
2025-04-16T18:49:57,10,40,0,50
2025-04-16T18:57:50,10,40,0,50
2025-04-16T19:05:43,10,40,0,50
2025-04-16T19:13:35,10,40,0,50
2025-04-16T19:21:38,11,39,0,50
2025-04-16T19:29:30,11,39,0,50
2025-04-16T19:37:23,11,39,0,50
2025-04-16T19:45:16,12,38,0,50
2025-04-16T19:53:08,12,38,0,50
2025-04-16T20:01:02,12,38,0,50
2025-04-16T20:08:54,12,38,0,50
2025-04-16T20:16:47,12,38,0,50
2025-04-16T20:24:40,12,38,0,50
2025-04-16T20:32:33,12,38,0,50
2025-04-16T20:40:25,12,38,0,50
2025-04-16T20:48:18,12,38,0,50
2025-04-16T20:56:11,12,38,0,50
2025-04-16T21:04:14,11,39,0,50
2025-04-16T21:12:06,11,39,0,50
2025-04-16T21:19:59,11,39,0,50
2025-04-16T21:27:51,11,39,0,50
2025-04-16T21:35:44,11,39,0,50
2025-04-16T21:43:38,11,39,0,50
2025-04-16T21:51:31,11,39,0,50
2025-04-16T21:59:23,11,39,0,50
2025-04-16T22:07:16,11,39,0,50
2025-04-16T22:15:09,11,39,0,50
2025-04-16T22:23:02,11,39,0,50
2025-04-16T22:30:55,11,39,0,50
2025-04-16T22:38:49,11,39,0,50
2025-04-16T22:46:42,11,39,0,50
2025-04-16T22:54:44,11,39,0,50
2025-04-16T23:02:38,11,39,0,50
2025-04-16T23:10:32,11,39,0,50
2025-04-16T23:18:25,11,39,0,50
2025-04-16T23:26:18,11,39,0,50
2025-04-16T23:34:11,11,39,0,50
2025-04-16T23:42:04,11,39,0,50
2025-04-16T23:49:57,11,39,0,50
2025-04-16T23:57:50,11,39,0,50
2025-04-17T00:05:44,11,39,0,50
2025-04-17T00:13:38,11,39,0,50
2025-04-17T00:21:32,11,39,0,50
2025-04-17T00:29:26,11,39,0,50
2025-04-17T00:37:21,11,39,0,50
2025-04-17T00:45:15,11,39,0,50
2025-04-17T00:53:09,11,39,0,50
2025-04-17T01:01:03,11,39,0,50
2025-04-17T01:08:57,11,39,0,50
2025-04-17T01:16:53,11,39,0,50
2025-04-17T01:24:55,11,39,0,50
2025-04-17T01:32:49,11,39,0,50
2025-04-17T01:40:43,11,39,0,50
2025-04-17T01:48:37,11,39,0,50
2025-04-17T01:56:30,11,39,0,50
2025-04-17T02:04:24,11,39,0,50
2025-04-17T02:12:17,11,39,0,50
2025-04-17T02:20:10,11,39,0,50
2025-04-17T02:28:05,11,39,0,50
2025-04-17T02:36:00,11,39,0,50
2025-04-17T02:43:53,11,39,0,50
2025-04-17T02:51:48,11,39,0,50
2025-04-17T02:59:48,11,39,0,50
2025-04-17T03:07:42,11,39,0,50
2025-04-17T03:15:36,11,39,0,50
2025-04-17T03:23:29,11,39,0,50
2025-04-17T03:31:23,11,39,0,50
2025-04-17T03:39:16,11,39,0,50
2025-04-17T03:47:10,11,39,0,50
2025-04-17T03:55:05,11,39,0,50
2025-04-17T04:02:59,11,39,0,50
2025-04-17T04:21:04,11,39,0,50
2025-04-17T04:30:00,11,39,0,50
2025-04-17T04:37:55,11,39,0,50
2025-04-17T04:45:49,11,39,0,50
2025-04-17T04:53:42,11,39,0,50
2025-04-17T05:01:35,11,39,0,50
2025-04-17T05:09:29,11,39,0,50
2025-04-17T05:17:22,11,39,0,50
2025-04-17T05:25:16,11,39,0,50
2025-04-17T05:33:10,11,39,0,50
2025-04-17T05:41:05,11,39,0,50
2025-04-17T05:48:58,11,39,0,50
2025-04-17T05:56:52,11,39,0,50
2025-04-17T06:04:46,11,39,0,50
2025-04-17T06:12:39,11,39,0,50
2025-04-17T06:20:32,11,39,0,50
2025-04-17T06:28:26,11,39,0,50
2025-04-17T06:36:21,11,39,0,50
2025-04-17T06:44:14,11,39,0,50
2025-04-17T06:52:08,11,39,0,50
2025-04-17T07:00:02,11,39,0,50
2025-04-17T07:07:56,11,39,0,50
2025-04-17T07:15:50,11,39,0,50
2025-04-17T07:23:43,11,39,0,50
2025-04-17T07:31:36,11,39,0,50
2025-04-17T07:39:29,11,39,0,50
2025-04-17T07:47:22,11,39,0,50
2025-04-17T07:55:15,11,39,0,50
2025-04-17T08:03:08,11,39,0,50
2025-04-17T08:11:01,11,39,0,50
2025-04-17T08:18:58,11,39,0,50
2025-04-17T08:26:51,11,39,0,50
2025-04-17T08:34:51,11,39,0,50
2025-04-17T08:42:44,11,39,0,50
2025-04-17T08:50:37,11,39,0,50
2025-04-17T08:58:30,11,39,0,50
2025-04-17T09:06:22,11,39,0,50
2025-04-17T09:14:15,11,39,0,50
2025-04-17T09:22:09,11,39,0,50
2025-04-17T09:30:01,11,39,0,50
2025-04-17T09:37:54,11,39,0,50
2025-04-17T09:45:47,11,39,0,50
2025-04-17T09:53:40,11,39,0,50
2025-04-17T10:01:33,11,39,0,50
2025-04-17T10:09:27,11,39,0,50
2025-04-17T10:17:22,11,39,0,50
2025-04-17T10:25:17,11,39,0,50
2025-04-17T10:33:23,11,39,0,50
2025-04-17T10:41:18,11,39,0,50
2025-04-17T10:49:13,11,39,0,50
2025-04-17T10:57:07,11,39,0,50
2025-04-17T11:05:03,11,39,0,50
2025-04-17T11:12:59,11,39,0,50
2025-04-17T11:20:54,11,39,0,50
2025-04-17T11:28:49,11,39,0,50
2025-04-17T11:36:43,11,39,0,50
2025-04-17T11:44:38,11,39,0,50
2025-04-17T11:52:33,11,39,0,50
2025-04-17T12:00:36,11,39,0,50
2025-04-17T12:08:31,11,39,0,50
2025-04-17T12:16:26,11,39,0,50
2025-04-17T12:24:23,11,39,0,50
2025-04-17T12:32:18,11,39,0,50
2025-04-17T12:40:12,11,39,0,50
2025-04-17T12:48:07,11,39,0,50
2025-04-17T12:56:02,11,39,0,50
2025-04-17T13:04:06,12,38,0,50
2025-04-17T13:12:02,12,38,0,50
2025-04-17T13:19:57,11,39,0,50
2025-04-17T13:27:53,11,39,0,50
2025-04-17T13:35:49,11,39,0,50
2025-04-17T13:43:44,11,39,0,50
2025-04-17T13:51:39,11,39,0,50
2025-04-17T13:59:34,11,39,0,50
2025-04-17T14:07:29,11,39,0,50
2025-04-17T14:15:24,11,39,0,50
2025-04-17T14:23:28,11,39,0,50
2025-04-17T14:31:24,11,39,0,50
2025-04-17T14:39:18,11,39,0,50
2025-04-17T14:47:13,11,39,0,50
2025-04-17T14:55:08,11,39,0,50
2025-04-17T15:03:04,11,39,0,50
2025-04-17T15:10:59,11,39,0,50
2025-04-17T15:18:54,11,39,0,50
2025-04-17T15:26:49,11,39,0,50
2025-04-17T15:34:57,11,39,0,50
2025-04-17T15:42:52,11,39,0,50
2025-04-17T15:50:47,11,39,0,50
2025-04-17T15:58:42,11,39,0,50
2025-04-17T16:06:38,11,39,0,50
2025-04-17T16:14:33,11,39,0,50
2025-04-17T16:22:28,11,39,0,50
2025-04-17T16:30:23,11,39,0,50
2025-04-17T16:38:19,11,39,0,50
2025-04-17T16:46:23,11,39,0,50
2025-04-17T16:54:18,11,39,0,50
2025-04-17T17:02:13,11,39,0,50
2025-04-17T17:10:09,11,39,0,50
2025-04-17T17:18:04,11,39,0,50
2025-04-17T17:26:00,11,39,0,50
2025-04-17T17:33:55,11,39,0,50
2025-04-17T17:41:50,11,39,0,50
2025-04-17T17:49:44,11,39,0,50
2025-04-17T17:57:39,11,39,0,50
2025-04-17T18:05:34,11,39,0,50
2025-04-17T18:13:39,11,39,0,50
2025-04-17T18:21:33,11,39,0,50
2025-04-17T18:29:28,11,39,0,50
2025-04-17T18:37:23,11,39,0,50
2025-04-17T18:45:18,11,39,0,50
2025-04-17T18:53:13,11,39,0,50
2025-04-17T19:01:08,11,39,0,50
2025-04-17T19:09:03,11,39,0,50
2025-04-17T19:16:58,11,39,0,50
2025-04-17T19:24:53,11,39,0,50
2025-04-17T19:32:48,11,39,0,50
2025-04-17T19:40:52,11,39,0,50
2025-04-17T19:48:48,11,39,0,50
2025-04-17T19:56:43,11,39,0,50
2025-04-17T20:04:39,11,39,0,50
2025-04-17T20:12:33,11,39,0,50
2025-04-17T20:20:29,11,39,0,50
2025-04-17T20:28:25,11,39,0,50
2025-04-17T20:36:20,11,39,0,50
2025-04-17T20:44:16,11,39,0,50
2025-04-17T20:52:11,11,39,0,50
2025-04-17T21:00:05,11,39,0,50
2025-04-17T21:08:01,11,39,0,50
2025-04-17T21:15:55,11,39,0,50
2025-04-17T21:23:50,11,39,0,50
2025-04-17T21:31:45,11,39,0,50
2025-04-17T21:39:40,11,39,0,50
2025-04-17T21:47:44,11,39,0,50
2025-04-17T21:55:39,11,39,0,50
2025-04-17T22:03:34,11,39,0,50
2025-04-17T22:11:29,11,39,0,50
2025-04-17T22:19:24,11,39,0,50
2025-04-17T22:27:19,11,39,0,50
2025-04-17T22:35:14,11,39,0,50
2025-04-17T22:43:09,11,39,0,50
2025-04-17T22:51:04,11,39,0,50
2025-04-17T22:58:59,11,39,0,50
2025-04-17T23:06:54,11,39,0,50
2025-04-17T23:14:49,11,39,0,50
2025-04-17T23:22:46,11,39,0,50
2025-04-17T23:30:40,11,39,0,50
2025-04-17T23:38:36,11,39,0,50
2025-04-17T23:46:30,11,39,0,50
2025-04-17T23:54:26,11,39,0,50
2025-04-18T00:02:21,11,39,0,50
2025-04-18T00:10:16,11,39,0,50
2025-04-18T00:18:12,11,39,0,50
2025-04-18T00:26:09,11,39,0,50
2025-04-18T00:34:15,11,39,0,50
2025-04-18T00:42:12,11,39,0,50
2025-04-18T00:50:08,11,39,0,50
2025-04-18T00:58:04,11,39,0,50
2025-04-18T01:06:02,11,39,0,50
2025-04-18T01:13:58,11,39,0,50
2025-04-18T01:21:54,11,39,0,50
2025-04-18T01:29:49,11,39,0,50
2025-04-18T01:37:45,11,39,0,50
2025-04-18T01:45:41,11,39,0,50
2025-04-18T01:53:36,11,39,0,50
2025-04-18T02:01:32,11,39,0,50
2025-04-18T02:09:28,11,39,0,50
2025-04-18T02:17:24,11,39,0,50
2025-04-18T02:25:19,11,39,0,50
2025-04-18T02:33:15,11,39,0,50
2025-04-18T02:41:10,11,39,0,50
2025-04-18T02:49:06,11,39,0,50
2025-04-18T02:57:01,11,39,0,50
2025-04-18T03:04:56,11,39,0,50
2025-04-18T03:12:51,11,39,0,50
2025-04-18T03:20:46,11,39,0,50
2025-04-18T03:28:41,11,39,0,50
2025-04-18T03:36:37,11,39,0,50
2025-04-18T03:44:33,11,39,0,50
2025-04-18T03:52:28,11,39,0,50
2025-04-18T04:02:59,11,39,0,50
2025-04-18T04:10:57,11,39,0,50
2025-04-18T04:26:26,11,39,0,50
2025-04-18T04:34:44,11,39,0,50
2025-04-18T04:42:41,11,39,0,50
2025-04-18T04:50:37,11,39,0,50
2025-04-18T04:58:32,11,39,0,50
2025-04-18T05:06:28,11,39,0,50
2025-04-18T05:14:24,11,39,0,50
2025-04-18T05:22:19,11,39,0,50
2025-04-18T05:30:14,11,39,0,50
2025-04-18T05:38:11,11,39,0,50
2025-04-18T05:46:06,11,39,0,50
2025-04-18T05:54:03,11,39,0,50
2025-04-18T06:01:59,11,39,0,50
2025-04-18T06:09:56,11,39,0,50
2025-04-18T06:17:52,11,39,0,50
2025-04-18T06:25:47,11,39,0,50
2025-04-18T06:33:46,11,39,0,50
2025-04-18T06:41:42,11,39,0,50
2025-04-18T06:49:38,11,39,0,50
2025-04-18T06:57:35,11,39,0,50
2025-04-18T07:05:31,11,39,0,50
2025-04-18T07:13:28,11,39,0,50
2025-04-18T07:21:24,11,39,0,50
2025-04-18T07:29:19,11,39,0,50
2025-04-18T07:37:15,11,39,0,50
2025-04-18T07:45:12,11,39,0,50
2025-04-18T07:53:07,11,39,0,50
2025-04-18T08:01:03,11,39,0,50
2025-04-18T08:08:58,11,39,0,50
2025-04-18T08:16:55,11,39,0,50
2025-04-18T08:24:50,11,39,0,50
2025-04-18T08:32:57,11,39,0,50
2025-04-18T08:40:52,11,39,0,50
2025-04-18T08:48:47,11,39,0,50
2025-04-18T08:56:42,11,39,0,50
2025-04-18T09:04:38,11,39,0,50
2025-04-18T09:12:32,11,39,0,50
2025-04-18T09:20:27,11,39,0,50
2025-04-18T09:28:24,11,39,0,50
2025-04-18T09:36:19,11,39,0,50
2025-04-18T09:44:14,11,39,0,50
2025-04-18T09:52:09,11,39,0,50
2025-04-18T10:00:04,11,39,0,50
2025-04-18T10:07:59,11,39,0,50
2025-04-18T10:15:54,11,39,0,50
2025-04-18T10:23:48,11,39,0,50
2025-04-18T10:31:43,11,39,0,50
2025-04-18T10:39:38,11,39,0,50
2025-04-18T10:47:32,11,39,0,50
2025-04-18T10:55:38,11,39,0,50
2025-04-18T11:03:32,11,39,0,50
2025-04-18T11:11:27,11,39,0,50
2025-04-18T11:19:22,11,39,0,50
2025-04-18T11:27:17,11,39,0,50
2025-04-18T11:35:12,11,39,0,50
2025-04-18T11:43:07,11,39,0,50
2025-04-18T11:51:02,11,39,0,50
2025-04-18T11:58:57,11,39,0,50
2025-04-18T12:06:52,11,39,0,50
2025-04-18T12:14:47,11,39,0,50
2025-04-18T12:22:42,11,39,0,50
2025-04-18T12:30:46,11,39,0,50
2025-04-18T12:38:41,11,39,0,50
2025-04-18T12:46:36,11,39,0,50
2025-04-18T12:54:31,11,39,0,50
2025-04-18T13:02:25,11,39,0,50
2025-04-18T13:10:20,11,39,0,50
2025-04-18T13:18:15,11,39,0,50
2025-04-18T13:26:10,11,39,0,50
2025-04-18T13:34:04,11,39,0,50
2025-04-18T13:41:59,11,39,0,50
2025-04-18T13:49:54,11,39,0,50
2025-04-18T13:57:48,11,39,0,50
2025-04-18T14:05:43,11,39,0,50
2025-04-18T14:13:38,11,39,0,50
2025-04-18T14:21:43,11,39,0,50
2025-04-18T14:29:38,11,39,0,50
2025-04-18T14:37:32,11,39,0,50
2025-04-18T14:45:27,11,39,0,50
2025-04-18T14:53:22,11,39,0,50
2025-04-18T15:01:17,11,39,0,50
2025-04-18T15:09:12,11,39,0,50
2025-04-18T15:17:07,11,39,0,50
2025-04-18T15:25:01,11,39,0,50
2025-04-18T15:32:56,11,39,0,50
2025-04-18T15:40:50,11,39,0,50
2025-04-18T15:48:45,11,39,0,50
2025-04-18T15:56:40,11,39,0,50
2025-04-18T16:04:47,11,39,0,50
2025-04-18T16:12:42,11,39,0,50
2025-04-18T16:20:37,11,39,0,50
2025-04-18T16:28:32,11,39,0,50
2025-04-18T16:36:27,11,39,0,50
2025-04-18T16:44:22,11,39,0,50
2025-04-18T16:52:16,11,39,0,50
2025-04-18T17:00:11,11,39,0,50
2025-04-18T17:08:06,11,39,0,50
2025-04-18T17:16:01,11,39,0,50
2025-04-18T17:23:56,11,39,0,50
2025-04-18T17:31:51,11,39,0,50
2025-04-18T17:39:46,11,39,0,50
2025-04-18T17:47:40,11,39,0,50
2025-04-18T17:55:35,11,39,0,50
2025-04-18T18:03:30,11,39,0,50
2025-04-18T18:11:24,11,39,0,50
2025-04-18T18:19:32,11,39,0,50
2025-04-18T18:27:27,11,39,0,50
2025-04-18T18:35:22,11,39,0,50
2025-04-18T18:43:17,11,39,0,50
2025-04-18T18:51:12,11,39,0,50
2025-04-18T18:59:07,11,39,0,50
2025-04-18T19:07:01,11,39,0,50
2025-04-18T19:14:56,11,39,0,50
2025-04-18T19:22:51,11,39,0,50
2025-04-18T19:30:45,11,39,0,50
2025-04-18T19:38:40,11,39,0,50
2025-04-18T19:46:35,11,39,0,50
2025-04-18T19:54:29,11,39,0,50
2025-04-18T20:02:24,11,39,0,50
2025-04-18T20:10:19,11,39,0,50
2025-04-18T20:18:13,11,39,0,50
2025-04-18T20:26:18,11,39,0,50
2025-04-18T20:34:12,11,39,0,50
2025-04-18T20:42:07,11,39,0,50
2025-04-18T20:50:02,11,39,0,50
2025-04-18T20:57:57,11,39,0,50
2025-04-18T21:05:51,11,39,0,50
2025-04-18T21:13:46,11,39,0,50
2025-04-18T21:21:41,11,39,0,50
2025-04-18T21:29:36,11,39,0,50
2025-04-18T21:37:30,11,39,0,50
2025-04-18T21:45:25,11,39,0,50
2025-04-18T21:53:20,11,39,0,50
2025-04-18T22:01:15,11,39,0,50
2025-04-18T22:09:09,11,39,0,50
2025-04-18T22:17:04,11,39,0,50
2025-04-18T22:24:59,11,39,0,50
2025-04-18T22:32:53,11,39,0,50
2025-04-18T22:40:49,11,39,0,50
2025-04-18T22:48:43,11,39,0,50
2025-04-18T22:56:39,11,39,0,50
2025-04-18T23:04:34,11,39,0,50
2025-04-18T23:12:39,11,39,0,50
2025-04-18T23:20:34,11,39,0,50
2025-04-18T23:28:29,11,39,0,50
2025-04-18T23:36:24,11,39,0,50
2025-04-18T23:44:20,11,39,0,50
2025-04-18T23:52:15,11,39,0,50
2025-04-19T00:00:10,11,39,0,50
2025-04-19T00:08:06,11,39,0,50
2025-04-19T00:16:01,11,39,0,50
2025-04-19T00:23:57,11,39,0,50
2025-04-19T00:31:54,11,39,0,50
2025-04-19T00:39:50,11,39,0,50
2025-04-19T00:47:46,11,39,0,50
2025-04-19T00:55:42,11,39,0,50
2025-04-19T01:03:38,11,39,0,50
2025-04-19T01:11:35,11,39,0,50
2025-04-19T01:19:31,11,39,0,50
2025-04-19T01:27:26,11,39,0,50
2025-04-19T01:35:22,11,39,0,50
2025-04-19T01:43:17,11,39,0,50
2025-04-19T01:51:13,11,39,0,50
2025-04-19T01:59:08,11,39,0,50
2025-04-19T02:07:04,11,39,0,50
2025-04-19T02:14:59,11,39,0,50
2025-04-19T02:22:54,11,39,0,50
2025-04-19T02:30:49,11,39,0,50
2025-04-19T02:38:44,11,39,0,50
2025-04-19T02:46:39,11,39,0,50
2025-04-19T02:54:34,11,39,0,50
2025-04-19T03:02:37,11,39,0,50
2025-04-19T03:10:33,11,39,0,50
2025-04-19T03:18:38,11,39,0,50
2025-04-19T03:27:06,11,39,0,50
2025-04-19T03:35:02,11,39,0,50
2025-04-19T03:42:58,11,39,0,50
2025-04-19T03:50:54,11,39,0,50
2025-04-19T03:58:50,11,39,0,50
2025-04-19T04:06:51,11,39,0,50
2025-04-19T04:16:49,11,39,0,50
2025-04-19T04:29:23,11,39,0,50
2025-04-19T04:37:20,11,39,0,50
2025-04-19T04:45:16,11,39,0,50
2025-04-19T04:53:12,11,39,0,50
2025-04-19T05:01:08,11,39,0,50
2025-04-19T05:09:03,11,39,0,50
2025-04-19T05:16:59,11,39,0,50
2025-04-19T05:24:54,11,39,0,50
2025-04-19T05:32:49,11,39,0,50
2025-04-19T05:40:44,11,39,0,50
2025-04-19T05:48:40,11,39,0,50
2025-04-19T05:56:35,11,39,0,50
2025-04-19T06:04:30,11,39,0,50
2025-04-19T06:12:25,11,39,0,50
2025-04-19T06:20:21,11,39,0,50
2025-04-19T06:28:17,11,39,0,50
2025-04-19T06:36:15,11,39,0,50
2025-04-19T06:44:11,11,39,0,50
2025-04-19T06:52:06,11,39,0,50
2025-04-19T07:00:01,11,39,0,50
2025-04-19T07:07:58,11,39,0,50
2025-04-19T07:15:55,11,39,0,50
2025-04-19T07:24:04,11,39,0,50
2025-04-19T07:31:59,11,39,0,50
2025-04-19T07:39:54,11,39,0,50
2025-04-19T07:47:50,11,39,0,50
2025-04-19T07:55:45,11,39,0,50
2025-04-19T08:03:40,11,39,0,50
2025-04-19T08:11:36,11,39,0,50
2025-04-19T08:19:32,11,39,0,50
2025-04-19T08:27:27,11,39,0,50
2025-04-19T08:35:22,11,39,0,50
2025-04-19T08:43:17,11,39,0,50
2025-04-19T08:51:13,11,39,0,50
2025-04-19T08:59:08,11,39,0,50
2025-04-19T09:07:03,11,39,0,50
2025-04-19T09:14:58,11,39,0,50
2025-04-19T09:22:53,11,39,0,50
2025-04-19T09:30:47,11,39,0,50
2025-04-19T09:38:42,11,39,0,50
2025-04-19T09:46:37,11,39,0,50
2025-04-19T09:54:31,11,39,0,50
2025-04-19T10:02:25,11,39,0,50
2025-04-19T10:10:20,11,39,0,50
2025-04-19T10:18:14,11,39,0,50
2025-04-19T10:26:10,11,39,0,50
2025-04-19T10:34:20,11,39,0,50
2025-04-19T10:42:30,11,39,0,50
2025-04-19T10:50:44,11,39,0,50
2025-04-19T10:58:48,11,39,0,50
2025-04-19T11:06:54,11,39,0,50
2025-04-19T11:14:55,11,39,0,50
2025-04-19T11:22:49,11,39,0,50
2025-04-19T11:30:44,11,39,0,50
2025-04-19T11:38:38,11,39,0,50
2025-04-19T11:46:33,11,39,0,50
2025-04-19T11:54:28,11,39,0,50
2025-04-19T12:02:22,11,39,0,50
2025-04-19T12:10:17,11,39,0,50
2025-04-19T12:18:12,11,39,0,50
2025-04-19T12:26:07,11,39,0,50
2025-04-19T12:34:01,11,39,0,50
2025-04-19T12:41:56,11,39,0,50
2025-04-19T12:49:50,11,39,0,50
2025-04-19T12:57:45,11,39,0,50
2025-04-19T13:05:39,11,39,0,50
2025-04-19T13:13:34,11,39,0,50
2025-04-19T13:21:29,11,39,0,50
2025-04-19T13:29:23,11,39,0,50
2025-04-19T13:37:18,11,39,0,50
2025-04-19T13:45:12,11,39,0,50
2025-04-19T13:53:07,11,39,0,50
2025-04-19T14:01:15,11,39,0,50
2025-04-19T14:09:10,11,39,0,50
2025-04-19T14:17:04,11,39,0,50
2025-04-19T14:24:59,11,39,0,50
2025-04-19T14:32:54,11,39,0,50
2025-04-19T14:40:49,11,39,0,50
2025-04-19T14:48:44,11,39,0,50
2025-04-19T14:56:38,11,39,0,50
2025-04-19T15:04:33,11,39,0,50
2025-04-19T15:12:28,11,39,0,50
2025-04-19T15:20:23,11,39,0,50
2025-04-19T15:28:17,11,39,0,50
2025-04-19T15:36:12,11,39,0,50
2025-04-19T15:44:06,11,39,0,50
2025-04-19T15:52:01,11,39,0,50
2025-04-19T15:59:55,11,39,0,50
2025-04-19T16:07:50,11,39,0,50
2025-04-19T16:15:45,11,39,0,50
2025-04-19T16:23:39,11,39,0,50
2025-04-19T16:31:34,11,39,0,50
2025-04-19T16:39:29,11,39,0,50
2025-04-19T16:47:31,11,39,0,50
2025-04-19T16:55:26,11,39,0,50
2025-04-19T17:03:21,11,39,0,50
2025-04-19T17:11:15,11,39,0,50
2025-04-19T17:19:11,11,39,0,50
2025-04-19T17:27:05,11,39,0,50
2025-04-19T17:35:00,11,39,0,50
2025-04-19T17:42:55,11,39,0,50
2025-04-19T17:50:49,11,39,0,50
2025-04-19T17:58:44,11,39,0,50
2025-04-19T18:06:39,11,39,0,50
2025-04-19T18:14:34,11,39,0,50
2025-04-19T18:22:28,11,39,0,50
2025-04-19T18:30:23,11,39,0,50
2025-04-19T18:38:17,11,39,0,50
2025-04-19T18:46:12,11,39,0,50
2025-04-19T18:54:06,11,39,0,50
2025-04-19T19:02:02,11,39,0,50
2025-04-19T19:09:57,11,39,0,50
2025-04-19T19:17:52,11,39,0,50
2025-04-19T19:25:47,11,39,0,50
2025-04-19T19:33:41,11,39,0,50
2025-04-19T19:41:36,11,39,0,50
2025-04-19T19:49:32,11,39,0,50
2025-04-19T19:57:27,11,39,0,50
2025-04-19T20:05:32,11,39,0,50
2025-04-19T20:13:26,11,39,0,50
2025-04-19T20:21:21,11,39,0,50
2025-04-19T20:29:15,11,39,0,50
2025-04-19T20:37:10,11,39,0,50
2025-04-19T20:45:04,11,39,0,50
2025-04-19T20:52:58,11,39,0,50
2025-04-19T21:00:54,11,39,0,50
2025-04-19T21:08:48,11,39,0,50
2025-04-19T21:16:43,11,39,0,50
2025-04-19T21:24:37,11,39,0,50
2025-04-19T21:32:31,11,39,0,50
2025-04-19T21:40:26,11,39,0,50
2025-04-19T21:48:20,11,39,0,50
2025-04-19T21:56:16,11,39,0,50
2025-04-19T22:04:10,11,39,0,50
2025-04-19T22:12:05,11,39,0,50
2025-04-19T22:19:59,11,39,0,50
2025-04-19T22:28:12,11,39,0,50
2025-04-19T22:36:06,11,39,0,50
2025-04-19T22:44:02,11,39,0,50
2025-04-19T22:51:58,11,39,0,50
2025-04-19T22:59:53,11,39,0,50
2025-04-19T23:07:48,11,39,0,50
2025-04-19T23:15:43,11,39,0,50
2025-04-19T23:23:38,11,39,0,50
2025-04-19T23:31:32,11,39,0,50
2025-04-19T23:39:27,11,39,0,50
2025-04-19T23:47:22,11,39,0,50
2025-04-19T23:55:16,11,39,0,50
2025-04-20T00:03:11,11,39,0,50
2025-04-20T00:11:06,11,39,0,50
2025-04-20T00:19:01,11,39,0,50
2025-04-20T00:26:56,11,39,0,50
2025-04-20T00:34:51,11,39,0,50
2025-04-20T00:50:46,11,39,0,50
2025-04-20T00:58:41,11,39,0,50
2025-04-20T01:06:36,11,39,0,50
2025-04-20T01:14:31,11,39,0,50
2025-04-20T01:22:26,11,39,0,50
2025-04-20T01:30:21,11,39,0,50
2025-04-20T01:38:28,11,39,0,50
2025-04-20T01:46:58,11,39,0,50
2025-04-20T01:55:55,11,39,0,50
2025-04-20T02:03:51,11,39,0,50
2025-04-20T02:11:56,11,39,0,50
2025-04-20T02:19:52,11,39,0,50
2025-04-20T02:27:47,11,39,0,50
2025-04-20T02:35:43,11,39,0,50
2025-04-20T02:43:38,11,39,0,50
2025-04-20T02:51:44,11,39,0,50
2025-04-20T02:59:54,11,39,0,50
2025-04-20T03:07:49,11,39,0,50
2025-04-20T03:15:46,11,39,0,50
2025-04-20T03:23:41,11,39,0,50
2025-04-20T03:31:37,11,39,0,50
2025-04-20T03:39:32,11,39,0,50
2025-04-20T03:47:28,11,39,0,50
2025-04-20T03:55:23,11,39,0,50
2025-04-20T04:03:18,11,39,0,50
2025-04-20T04:19:22,11,39,0,50
2025-04-20T04:27:35,11,39,0,50
2025-04-20T04:35:32,11,39,0,50
2025-04-20T04:43:27,11,39,0,50
2025-04-20T04:51:23,11,39,0,50
2025-04-20T04:59:18,11,39,0,50
2025-04-20T05:07:13,11,39,0,50
2025-04-20T05:15:09,11,39,0,50
2025-04-20T05:23:04,11,39,0,50
2025-04-20T05:31:00,11,39,0,50
2025-04-20T05:38:56,11,39,0,50
2025-04-20T05:46:51,11,39,0,50
2025-04-20T05:54:47,11,39,0,50
2025-04-20T06:02:43,11,39,0,50
2025-04-20T06:10:38,11,39,0,50
2025-04-20T06:18:33,11,39,0,50
2025-04-20T06:26:28,11,39,0,50
2025-04-20T06:34:25,11,39,0,50
2025-04-20T06:42:20,11,39,0,50
2025-04-20T06:50:16,11,39,0,50
2025-04-20T06:58:11,11,39,0,50
2025-04-20T07:06:06,11,39,0,50
2025-04-20T07:14:01,11,39,0,50
2025-04-20T07:21:57,11,39,0,50
2025-04-20T07:29:54,11,39,0,50
2025-04-20T07:37:49,11,39,0,50
2025-04-20T07:45:45,11,39,0,50
2025-04-20T07:53:40,11,39,0,50
2025-04-20T08:01:35,11,39,0,50
2025-04-20T08:09:29,11,39,0,50
2025-04-20T08:17:24,11,39,0,50
2025-04-20T08:25:20,11,39,0,50
2025-04-20T08:33:15,11,39,0,50
2025-04-20T08:41:10,11,39,0,50
2025-04-20T08:49:05,11,39,0,50
2025-04-20T08:57:01,11,39,0,50
2025-04-20T09:04:56,11,39,0,50
2025-04-20T09:12:51,11,39,0,50
2025-04-20T09:20:46,11,39,0,50
2025-04-20T09:28:41,11,39,0,50
2025-04-20T09:36:36,11,39,0,50
2025-04-20T09:44:33,11,39,0,50
2025-04-20T09:52:28,11,39,0,50
2025-04-20T10:00:31,11,39,0,50
2025-04-20T10:08:25,11,39,0,50
2025-04-20T10:16:20,11,39,0,50
2025-04-20T10:24:15,11,39,0,50
2025-04-20T10:32:10,11,39,0,50
2025-04-20T10:40:05,11,39,0,50
2025-04-20T10:48:01,11,39,0,50
2025-04-20T10:55:55,11,39,0,50
2025-04-20T11:03:50,11,39,0,50
2025-04-20T11:11:45,11,39,0,50
2025-04-20T11:19:40,11,39,0,50
2025-04-20T11:27:34,11,39,0,50
2025-04-20T11:35:29,11,39,0,50
2025-04-20T11:43:24,11,39,0,50
2025-04-20T11:51:18,11,39,0,50
2025-04-20T11:59:13,11,39,0,50
2025-04-20T12:07:09,11,39,0,50
2025-04-20T12:15:03,11,39,0,50
2025-04-20T12:22:58,11,39,0,50
2025-04-20T12:30:53,11,39,0,50
2025-04-20T12:38:47,11,39,0,50
2025-04-20T12:46:42,11,39,0,50
2025-04-20T12:54:36,11,39,0,50
2025-04-20T13:02:31,11,39,0,50
2025-04-20T13:10:25,11,39,0,50
2025-04-20T13:18:20,11,39,0,50
2025-04-20T13:26:26,11,39,0,50
2025-04-20T13:34:21,11,39,0,50
2025-04-20T13:42:15,11,39,0,50
2025-04-20T13:50:10,11,39,0,50
2025-04-20T13:58:05,11,39,0,50
2025-04-20T14:05:59,11,39,0,50
2025-04-20T14:13:54,11,39,0,50
2025-04-20T14:21:48,11,39,0,50
2025-04-20T14:29:43,11,39,0,50
2025-04-20T14:37:37,11,39,0,50
2025-04-20T14:45:32,11,39,0,50
2025-04-20T14:53:27,11,39,0,50
2025-04-20T15:01:21,11,39,0,50
2025-04-20T15:09:16,11,39,0,50
2025-04-20T15:17:11,11,39,0,50
2025-04-20T15:25:06,11,39,0,50
2025-04-20T15:33:00,11,39,0,50
2025-04-20T15:40:55,11,39,0,50
2025-04-20T15:48:49,11,39,0,50
2025-04-20T15:56:44,11,39,0,50
2025-04-20T16:04:38,11,39,0,50
2025-04-20T16:12:33,11,39,0,50
2025-04-20T16:20:36,11,39,0,50
2025-04-20T16:28:31,11,39,0,50
2025-04-20T16:36:25,11,39,0,50
2025-04-20T16:44:20,11,39,0,50
2025-04-20T16:52:14,11,39,0,50
2025-04-20T17:00:09,11,39,0,50
2025-04-20T17:08:04,11,39,0,50
2025-04-20T17:15:59,11,39,0,50
2025-04-20T17:23:53,11,39,0,50
2025-04-20T17:31:48,11,39,0,50
2025-04-20T17:39:42,11,39,0,50
2025-04-20T17:47:37,11,39,0,50
2025-04-20T17:55:31,11,39,0,50
2025-04-20T18:03:26,11,39,0,50
2025-04-20T18:11:22,11,39,0,50
2025-04-20T18:19:16,11,39,0,50
2025-04-20T18:27:11,11,39,0,50
2025-04-20T18:35:06,11,39,0,50
2025-04-20T18:43:00,12,38,0,50
2025-04-20T18:50:55,12,38,0,50
2025-04-20T18:58:50,12,38,0,50
2025-04-20T19:06:45,12,38,0,50
2025-04-20T19:14:49,12,38,0,50
2025-04-20T19:22:43,12,38,0,50
2025-04-20T19:30:38,12,38,0,50
2025-04-20T19:38:32,12,38,0,50
2025-04-20T19:46:27,12,38,0,50
2025-04-20T19:54:21,12,38,0,50
2025-04-20T20:02:16,12,38,0,50
2025-04-20T20:10:12,12,38,0,50
2025-04-20T20:18:06,12,38,0,50
2025-04-20T20:26:01,12,38,0,50
2025-04-20T20:33:56,12,38,0,50
2025-04-20T20:41:50,12,38,0,50
2025-04-20T20:49:45,12,38,0,50
2025-04-20T20:57:39,12,38,0,50
2025-04-20T21:05:34,12,38,0,50
2025-04-20T21:13:28,12,38,0,50
2025-04-20T21:21:23,12,38,0,50
2025-04-20T21:29:18,12,38,0,50
2025-04-20T21:37:14,12,38,0,50
2025-04-20T21:45:09,12,38,0,50
2025-04-20T21:53:13,12,38,0,50
2025-04-20T22:01:08,12,38,0,50
2025-04-20T22:09:03,12,38,0,50
2025-04-20T22:16:58,12,38,0,50
2025-04-20T22:24:53,12,38,0,50
2025-04-20T22:32:49,12,38,0,50
2025-04-20T22:40:43,12,38,0,50
2025-04-20T22:48:38,12,38,0,50
2025-04-20T22:56:33,12,38,0,50
2025-04-20T23:04:30,12,38,0,50
2025-04-20T23:12:25,12,38,0,50
2025-04-20T23:20:20,12,38,0,50
2025-04-20T23:28:15,12,38,0,50
2025-04-20T23:36:11,12,38,0,50
2025-04-20T23:44:06,12,38,0,50
2025-04-20T23:52:10,12,38,0,50
2025-04-21T00:00:05,12,38,0,50
2025-04-21T00:08:03,12,38,0,50
2025-04-21T00:16:05,12,38,0,50
2025-04-21T00:24:00,12,38,0,50
2025-04-21T00:31:58,12,38,0,50
2025-04-21T00:39:54,12,38,0,50
2025-04-21T00:47:49,12,38,0,50
2025-04-21T00:55:44,12,38,0,50
2025-04-21T01:03:42,12,38,0,50
2025-04-21T01:11:38,12,38,0,50
2025-04-21T01:19:34,12,38,0,50
2025-04-21T01:27:30,12,38,0,50
2025-04-21T01:35:26,12,38,0,50
2025-04-21T01:43:21,12,38,0,50
2025-04-21T01:51:16,12,38,0,50
2025-04-21T01:59:12,12,38,0,50
2025-04-21T02:07:08,12,38,0,50
2025-04-21T02:15:05,12,38,0,50
2025-04-21T02:23:00,12,38,0,50
2025-04-21T02:30:55,12,38,0,50
2025-04-21T02:38:50,12,38,0,50
2025-04-21T02:46:45,12,38,0,50
2025-04-21T02:54:41,12,38,0,50
2025-04-21T03:02:36,12,38,0,50
2025-04-21T03:10:31,12,38,0,50
2025-04-21T03:18:26,12,38,0,50
2025-04-21T03:26:23,12,38,0,50
2025-04-21T03:34:18,12,38,0,50
2025-04-21T03:42:21,12,38,0,50
2025-04-21T03:50:15,12,38,0,50
2025-04-21T03:59:50,12,38,0,50
2025-04-21T04:07:59,12,38,0,50
2025-04-21T04:27:04,12,38,0,50
2025-04-21T04:35:20,12,38,0,50
2025-04-21T04:43:16,12,38,0,50
2025-04-21T04:51:11,12,38,0,50
2025-04-21T04:59:07,12,38,0,50
2025-04-21T05:07:02,12,38,0,50
2025-04-21T05:14:58,12,38,0,50
2025-04-21T05:22:54,12,38,0,50
2025-04-21T05:30:49,12,38,0,50
2025-04-21T05:38:46,12,38,0,50
2025-04-21T05:46:42,12,38,0,50
2025-04-21T05:54:37,12,38,0,50
2025-04-21T06:02:33,12,38,0,50
2025-04-21T06:10:28,12,38,0,50
2025-04-21T06:18:24,12,38,0,50
2025-04-21T06:26:20,12,38,0,50
2025-04-21T06:34:16,12,38,0,50
2025-04-21T06:42:11,12,38,0,50
2025-04-21T06:50:07,12,38,0,50
2025-04-21T06:58:02,12,38,0,50
2025-04-21T07:05:57,12,38,0,50
2025-04-21T07:13:53,12,38,0,50
2025-04-21T07:21:48,12,38,0,50
2025-04-21T07:29:43,12,38,0,50
2025-04-21T07:37:38,12,38,0,50
2025-04-21T07:45:32,12,38,0,50
2025-04-21T07:53:27,12,38,0,50
2025-04-21T08:01:22,12,38,0,50
2025-04-21T08:09:17,12,38,0,50
2025-04-21T08:17:11,12,38,0,50
2025-04-21T08:25:06,12,38,0,50
2025-04-21T08:33:03,12,38,0,50
2025-04-21T08:40:58,12,38,0,50
2025-04-21T08:48:59,12,38,0,50
2025-04-21T08:56:54,12,38,0,50
2025-04-21T09:04:49,12,38,0,50
2025-04-21T09:12:43,12,38,0,50
2025-04-21T09:20:38,12,38,0,50
2025-04-21T09:28:33,12,38,0,50
2025-04-21T09:36:28,12,38,0,50
2025-04-21T09:44:24,12,38,0,50
2025-04-21T09:52:19,12,38,0,50
2025-04-21T10:00:14,12,38,0,50
2025-04-21T10:08:08,12,38,0,50
2025-04-21T10:16:03,12,38,0,50
2025-04-21T10:23:58,12,38,0,50
2025-04-21T10:31:53,12,38,0,50
2025-04-21T10:39:49,12,38,0,50
2025-04-21T10:47:45,12,38,0,50
2025-04-21T10:55:41,12,38,0,50
2025-04-21T11:03:49,12,38,0,50
2025-04-21T11:11:45,12,38,0,50
2025-04-21T11:19:41,12,38,0,50
2025-04-21T11:27:37,12,38,0,50
2025-04-21T11:35:33,12,38,0,50
2025-04-21T11:43:29,12,38,0,50
2025-04-21T11:51:25,12,38,0,50
2025-04-21T11:59:20,12,38,0,50
2025-04-21T12:07:16,12,38,0,50
2025-04-21T12:15:12,12,38,0,50
2025-04-21T12:23:10,12,38,0,50
2025-04-21T12:31:15,12,38,0,50
2025-04-21T12:39:11,12,38,0,50
2025-04-21T12:47:06,12,38,0,50
2025-04-21T12:55:02,12,38,0,50
2025-04-21T13:02:58,12,38,0,50
2025-04-21T13:10:54,12,38,0,50
2025-04-21T13:18:49,12,38,0,50
2025-04-21T13:26:45,12,38,0,50
2025-04-21T13:34:41,12,38,0,50
2025-04-21T13:42:37,12,38,0,50
2025-04-21T13:50:32,12,38,0,50
2025-04-21T13:58:28,12,38,0,50
2025-04-21T14:06:24,12,38,0,50
2025-04-21T14:14:20,12,38,0,50
2025-04-21T14:22:24,12,38,0,50
2025-04-21T14:30:20,12,38,0,50
2025-04-21T14:38:16,12,38,0,50
2025-04-21T14:46:12,12,38,0,50
2025-04-21T14:54:08,12,38,0,50
2025-04-21T15:02:04,12,38,0,50
2025-04-21T15:10:00,12,38,0,50
2025-04-21T15:17:55,12,38,0,50
2025-04-21T15:25:51,12,38,0,50
2025-04-21T15:33:47,12,38,0,50
2025-04-21T15:41:42,12,38,0,50
2025-04-21T15:49:48,12,38,0,50
2025-04-21T15:57:45,12,38,0,50
2025-04-21T16:05:40,12,38,0,50
2025-04-21T16:13:36,12,38,0,50
2025-04-21T16:21:32,12,38,0,50
2025-04-21T16:29:28,12,38,0,50
2025-04-21T16:37:25,12,38,0,50
2025-04-21T16:45:21,12,38,0,50
2025-04-21T16:53:18,12,38,0,50
2025-04-21T17:01:14,12,38,0,50
2025-04-21T17:09:11,12,38,0,50
2025-04-21T17:17:07,12,38,0,50
2025-04-21T17:25:02,12,38,0,50
2025-04-21T17:32:58,12,38,0,50
2025-04-21T17:40:54,12,38,0,50
2025-04-21T17:48:59,12,38,0,50
2025-04-21T17:56:55,12,38,0,50
2025-04-21T18:04:50,12,38,0,50
2025-04-21T18:12:46,12,38,0,50
2025-04-21T18:20:42,12,38,0,50
2025-04-21T18:28:38,12,38,0,50
2025-04-21T18:36:33,12,38,0,50
2025-04-21T18:44:29,12,38,0,50
2025-04-21T18:52:24,12,38,0,50
2025-04-21T19:00:20,12,38,0,50
2025-04-21T19:08:16,12,38,0,50
2025-04-21T19:16:11,12,38,0,50
2025-04-21T19:24:07,12,38,0,50
2025-04-21T19:32:12,12,38,0,50
2025-04-21T19:40:08,12,38,0,50
2025-04-21T19:48:04,12,38,0,50
2025-04-21T19:56:00,12,38,0,50
2025-04-21T20:03:56,12,38,0,50
2025-04-21T20:11:51,12,38,0,50
2025-04-21T20:19:47,12,38,0,50
2025-04-21T20:27:43,12,38,0,50
2025-04-21T20:35:38,12,38,0,50
2025-04-21T20:43:34,12,38,0,50
2025-04-21T20:51:30,12,38,0,50
2025-04-21T20:59:25,12,38,0,50
2025-04-21T21:07:21,12,38,0,50
2025-04-21T21:15:17,12,38,0,50
2025-04-21T21:23:12,12,38,0,50
2025-04-21T21:31:08,12,38,0,50
2025-04-21T21:39:04,12,38,0,50
2025-04-21T21:46:59,12,38,0,50
2025-04-21T21:55:04,12,38,0,50
2025-04-21T22:03:00,12,38,0,50
2025-04-21T22:10:55,12,38,0,50
2025-04-21T22:18:51,12,38,0,50
2025-04-21T22:26:46,12,38,0,50
2025-04-21T22:34:42,12,38,0,50
2025-04-21T22:42:38,12,38,0,50
2025-04-21T22:50:35,12,38,0,50
2025-04-21T22:58:31,12,38,0,50
2025-04-21T23:06:27,12,38,0,50
2025-04-21T23:14:23,12,38,0,50
2025-04-21T23:22:19,12,38,0,50
2025-04-21T23:30:15,12,38,0,50
2025-04-21T23:38:11,12,38,0,50
2025-04-21T23:46:06,12,38,0,50
2025-04-21T23:54:02,12,38,0,50
2025-04-22T00:01:58,12,38,0,50
2025-04-22T00:09:55,12,38,0,50
2025-04-22T00:17:51,12,38,0,50
2025-04-22T00:25:48,12,38,0,50
2025-04-22T00:33:48,12,38,0,50
2025-04-22T00:41:44,12,38,0,50
2025-04-22T00:49:49,12,38,0,50
2025-04-22T00:57:44,12,38,0,50
2025-04-22T01:05:41,12,38,0,50
2025-04-22T01:13:36,12,38,0,50
2025-04-22T01:21:32,12,38,0,50
2025-04-22T01:29:27,12,38,0,50
2025-04-22T01:37:23,12,38,0,50
2025-04-22T01:45:19,12,38,0,50
2025-04-22T01:53:14,12,38,0,50
2025-04-22T02:01:10,12,38,0,50
2025-04-22T02:09:05,12,38,0,50
2025-04-22T02:17:00,12,38,0,50
2025-04-22T02:24:55,12,38,0,50
2025-04-22T02:32:51,12,38,0,50
2025-04-22T02:40:47,12,38,0,50
2025-04-22T02:48:43,12,38,0,50
2025-04-22T02:56:39,12,38,0,50
2025-04-22T03:04:35,12,38,0,50
2025-04-22T03:12:32,12,38,0,50
2025-04-22T03:20:35,12,38,0,50
2025-04-22T03:28:31,12,38,0,50
2025-04-22T03:36:27,12,38,0,50
2025-04-22T03:44:24,12,38,0,50
2025-04-22T03:52:46,12,38,0,50
2025-04-22T04:00:42,12,38,0,50
2025-04-22T04:08:39,12,38,0,50
2025-04-22T04:27:30,12,38,0,50
2025-04-22T04:35:50,12,38,0,50
2025-04-22T04:43:47,12,38,0,50
2025-04-22T04:51:43,12,38,0,50
2025-04-22T04:59:41,12,38,0,50
2025-04-22T05:07:38,12,38,0,50
2025-04-22T05:15:34,12,38,0,50
2025-04-22T05:23:30,12,38,0,50
2025-04-22T05:31:27,12,38,0,50
2025-04-22T05:39:23,12,38,0,50
2025-04-22T05:47:20,12,38,0,50
2025-04-22T05:55:16,12,38,0,50
2025-04-22T06:03:13,12,38,0,50
2025-04-22T06:11:09,12,38,0,50
2025-04-22T06:19:06,12,38,0,50
2025-04-22T06:27:02,12,38,0,50
2025-04-22T06:35:02,12,38,0,50
2025-04-22T06:42:59,12,38,0,50
2025-04-22T06:50:56,12,38,0,50
2025-04-22T06:58:53,12,38,0,50
2025-04-22T07:06:51,12,38,0,50
2025-04-22T07:14:47,12,38,0,50
2025-04-22T07:22:44,12,38,0,50
2025-04-22T07:30:40,12,38,0,50
2025-04-22T07:38:37,12,38,0,50
2025-04-22T07:46:40,12,38,0,50
2025-04-22T07:54:36,12,38,0,50
2025-04-22T08:02:32,12,38,0,50
2025-04-22T08:10:28,12,38,0,50
2025-04-22T08:18:25,12,38,0,50
2025-04-22T08:26:21,12,38,0,50
2025-04-22T08:34:18,12,38,0,50
2025-04-22T08:42:14,12,38,0,50
2025-04-22T08:50:10,12,38,0,50
2025-04-22T08:58:06,12,38,0,50
2025-04-22T09:06:02,12,38,0,50
2025-04-22T09:13:58,12,38,0,50
2025-04-22T09:21:54,12,38,0,50
2025-04-22T09:30:00,12,38,0,50
2025-04-22T09:37:55,12,38,0,50
2025-04-22T09:45:51,12,38,0,50
2025-04-22T09:53:47,12,38,0,50
2025-04-22T10:01:43,12,38,0,50
2025-04-22T10:09:39,12,38,0,50
2025-04-22T10:17:35,12,38,0,50
2025-04-22T10:25:30,12,38,0,50
2025-04-22T10:33:26,12,38,0,50
2025-04-22T10:41:22,12,38,0,50
2025-04-22T10:49:17,12,38,0,50
2025-04-22T10:57:13,12,38,0,50
2025-04-22T11:05:19,12,38,0,50
2025-04-22T11:13:16,12,38,0,50
2025-04-22T11:21:11,12,38,0,50
2025-04-22T11:29:07,12,38,0,50
2025-04-22T11:37:03,12,38,0,50
2025-04-22T11:45:00,12,38,0,50
2025-04-22T11:52:55,12,38,0,50
2025-04-22T12:01:00,12,38,0,50
2025-04-22T12:08:55,12,38,0,50
2025-04-22T12:16:52,12,38,0,50
2025-04-22T12:24:47,12,38,0,50
2025-04-22T12:32:43,12,38,0,50
2025-04-22T12:40:39,12,38,0,50
2025-04-22T12:48:34,12,38,0,50
2025-04-22T12:56:32,12,38,0,50
2025-04-22T13:04:35,12,38,0,50
2025-04-22T13:12:31,12,38,0,50
2025-04-22T13:20:27,12,38,0,50
2025-04-22T13:28:24,12,38,0,50
2025-04-22T13:36:19,12,38,0,50
2025-04-22T13:44:15,12,38,0,50
2025-04-22T13:52:11,12,38,0,50
2025-04-22T14:00:07,12,38,0,50
2025-04-22T14:08:04,12,38,0,50
2025-04-22T14:16:12,12,38,0,50
2025-04-22T14:24:09,12,38,0,50
2025-04-22T14:32:07,12,38,0,50
2025-04-22T14:40:05,13,37,0,50
2025-04-22T14:48:01,13,37,0,50
2025-04-22T14:55:57,13,37,0,50
2025-04-22T15:03:53,13,37,0,50
2025-04-22T15:11:49,13,37,0,50
2025-04-22T15:19:47,13,37,0,50
2025-04-22T15:27:44,13,37,0,50
2025-04-22T15:35:41,13,37,0,50
2025-04-22T15:43:36,13,37,0,50
2025-04-22T15:51:41,13,37,0,50
2025-04-22T15:59:37,13,37,0,50
2025-04-22T16:07:33,13,37,0,50
2025-04-22T16:15:35,13,37,0,50
2025-04-22T16:23:38,13,37,0,50
2025-04-22T16:31:33,13,37,0,50
2025-04-22T16:39:29,13,37,0,50
2025-04-22T16:47:25,13,37,0,50
2025-04-22T16:55:21,13,37,0,50
2025-04-22T17:03:17,13,37,0,50
2025-04-22T17:11:13,13,37,0,50
2025-04-22T17:19:09,13,37,0,50
2025-04-22T17:27:05,13,37,0,50
2025-04-22T17:35:10,13,37,0,50
2025-04-22T17:43:06,13,37,0,50
2025-04-22T17:51:02,13,37,0,50
2025-04-22T17:58:57,13,37,0,50
2025-04-22T18:06:54,13,37,0,50
2025-04-22T18:14:49,13,37,0,50
2025-04-22T18:22:45,13,37,0,50
2025-04-22T18:30:42,13,37,0,50
2025-04-22T18:38:37,13,37,0,50
2025-04-22T18:46:33,13,37,0,50
2025-04-22T18:54:28,13,37,0,50
2025-04-22T19:02:24,13,37,0,50
2025-04-22T19:10:20,13,37,0,50
2025-04-22T19:18:16,13,37,0,50
2025-04-22T19:26:11,13,37,0,50
2025-04-22T19:34:07,13,37,0,50
2025-04-22T19:42:03,13,37,0,50
2025-04-22T19:50:10,13,37,0,50
2025-04-22T19:58:05,13,37,0,50
2025-04-22T20:06:01,13,37,0,50
2025-04-22T20:13:57,13,37,0,50
2025-04-22T20:21:56,13,37,0,50
2025-04-22T20:29:52,13,37,0,50
2025-04-22T20:37:48,13,37,0,50
2025-04-22T20:45:44,13,37,0,50
2025-04-22T20:53:39,13,37,0,50
2025-04-22T21:01:35,13,37,0,50
2025-04-22T21:09:31,13,37,0,50
2025-04-22T21:17:27,13,37,0,50
2025-04-22T21:25:22,13,37,0,50
2025-04-22T21:33:19,13,37,0,50
2025-04-22T21:41:16,13,37,0,50
2025-04-22T21:49:11,13,37,0,50
2025-04-22T21:57:07,13,37,0,50
2025-04-22T22:05:03,13,37,0,50
2025-04-22T22:12:59,13,37,0,50
2025-04-22T22:20:55,13,37,0,50
2025-04-22T22:29:01,13,37,0,50
2025-04-22T22:36:57,13,37,0,50
2025-04-22T22:44:53,13,37,0,50
2025-04-22T22:52:50,13,37,0,50
2025-04-22T23:00:46,13,37,0,50
2025-04-22T23:08:43,13,37,0,50
2025-04-22T23:16:39,13,37,0,50
2025-04-22T23:24:36,13,37,0,50
2025-04-22T23:32:34,13,37,0,50
2025-04-22T23:40:31,13,37,0,50
2025-04-22T23:48:27,13,37,0,50
2025-04-22T23:56:24,13,37,0,50
2025-04-23T00:04:20,13,37,0,50
2025-04-23T00:12:16,13,37,0,50
2025-04-23T00:20:14,13,37,0,50
2025-04-23T00:28:11,13,37,0,50
2025-04-23T00:36:08,13,37,0,50
2025-04-23T00:44:05,13,37,0,50
2025-04-23T00:52:03,13,37,0,50
2025-04-23T01:00:00,13,37,0,50
2025-04-23T01:07:59,13,37,0,50
2025-04-23T01:15:55,13,37,0,50
2025-04-23T01:23:53,13,37,0,50
2025-04-23T01:31:50,13,37,0,50
2025-04-23T01:39:57,13,37,0,50
2025-04-23T01:47:59,13,37,0,50
2025-04-23T01:55:56,13,37,0,50
2025-04-23T02:03:53,13,37,0,50
2025-04-23T02:11:51,13,37,0,50
2025-04-23T02:19:48,13,37,0,50
2025-04-23T02:27:44,13,37,0,50
2025-04-23T02:35:41,13,37,0,50
2025-04-23T02:43:38,13,37,0,50
2025-04-23T02:51:35,13,37,0,50
2025-04-23T02:59:35,13,37,0,50
2025-04-23T03:07:33,13,37,0,50
2025-04-23T03:15:56,13,37,0,50
2025-04-23T03:23:53,13,37,0,50
2025-04-23T03:31:49,13,37,0,50
2025-04-23T03:39:45,13,37,0,50
2025-04-23T03:47:42,13,37,0,50
2025-04-23T03:55:39,13,37,0,50
2025-04-23T04:05:36,13,37,0,50
2025-04-23T04:22:51,13,37,0,50
2025-04-23T04:31:11,13,37,0,50
2025-04-23T04:39:08,13,37,0,50
2025-04-23T04:47:05,13,37,0,50
2025-04-23T04:55:01,13,37,0,50
2025-04-23T05:02:58,13,37,0,50
2025-04-23T05:10:55,13,37,0,50
2025-04-23T05:18:52,13,37,0,50
2025-04-23T05:26:48,13,37,0,50
2025-04-23T05:34:45,13,37,0,50
2025-04-23T05:42:42,13,37,0,50
2025-04-23T05:50:41,13,37,0,50
2025-04-23T05:58:37,13,37,0,50
2025-04-23T06:06:35,13,37,0,50
2025-04-23T06:14:32,13,37,0,50
2025-04-23T06:22:29,13,37,0,50
2025-04-23T06:30:26,13,37,0,50
2025-04-23T06:38:24,13,37,0,50
2025-04-23T06:46:21,13,37,0,50
2025-04-23T06:54:26,13,37,0,50
2025-04-23T07:02:23,13,37,0,50
2025-04-23T07:10:21,13,37,0,50
2025-04-23T07:18:19,13,37,0,50
2025-04-23T07:26:15,13,37,0,50
2025-04-23T07:34:11,13,37,0,50
2025-04-23T07:42:07,13,37,0,50
2025-04-23T07:50:03,13,37,0,50
2025-04-23T07:57:59,13,37,0,50
2025-04-23T08:05:54,13,37,0,50
2025-04-23T08:13:50,13,37,0,50
2025-04-23T08:21:46,13,37,0,50
2025-04-23T08:29:50,13,37,0,50
2025-04-23T08:37:46,13,37,0,50
2025-04-23T08:45:41,13,37,0,50
2025-04-23T08:53:37,13,37,0,50
2025-04-23T09:01:33,13,37,0,50
2025-04-23T09:09:30,13,37,0,50
2025-04-23T09:17:26,13,37,0,50
2025-04-23T09:25:27,13,37,0,50
2025-04-23T09:33:23,13,37,0,50
2025-04-23T09:41:19,13,37,0,50
2025-04-23T09:49:16,13,37,0,50
2025-04-23T09:57:12,13,37,0,50
2025-04-23T10:05:08,13,37,0,50
2025-04-23T10:13:13,13,37,0,50
2025-04-23T10:21:09,13,37,0,50
2025-04-23T10:29:05,13,37,0,50
2025-04-23T10:37:01,13,37,0,50
2025-04-23T10:44:57,13,37,0,50
2025-04-23T10:52:54,13,37,0,50
2025-04-23T11:00:50,13,37,0,50
2025-04-23T11:08:46,13,37,0,50
2025-04-23T11:16:42,13,37,0,50
2025-04-23T11:24:38,13,37,0,50
2025-04-23T11:32:36,13,37,0,50
2025-04-23T11:40:32,13,37,0,50
2025-04-23T11:48:28,13,37,0,50
2025-04-23T11:56:24,13,37,0,50
2025-04-23T12:04:28,13,37,0,50
2025-04-23T12:12:25,13,37,0,50
2025-04-23T12:20:21,13,37,0,50
2025-04-23T12:28:18,13,37,0,50
2025-04-23T12:36:15,13,37,0,50
2025-04-23T12:44:11,13,37,0,50
2025-04-23T12:52:07,13,37,0,50
2025-04-23T13:00:02,13,37,0,50
2025-04-23T13:07:58,13,37,0,50
2025-04-23T13:15:54,13,37,0,50
2025-04-23T13:23:59,13,37,0,50
2025-04-23T13:31:55,13,37,0,50
2025-04-23T13:39:50,13,37,0,50
2025-04-23T13:47:46,13,37,0,50
2025-04-23T13:55:42,13,37,0,50
2025-04-23T14:03:38,13,37,0,50
2025-04-23T14:11:35,13,37,0,50
2025-04-23T14:19:31,13,37,0,50
2025-04-23T14:27:27,13,37,0,50
2025-04-23T14:35:22,13,37,0,50
2025-04-23T14:43:18,13,37,0,50
2025-04-23T14:51:13,13,37,0,50
2025-04-23T14:59:09,13,37,0,50
2025-04-23T15:07:05,13,37,0,50
2025-04-23T15:15:01,13,37,0,50
2025-04-23T15:22:57,13,37,0,50
2025-04-23T15:31:02,13,37,0,50
2025-04-23T15:38:58,13,37,0,50
2025-04-23T15:46:54,13,37,0,50
2025-04-23T15:54:50,13,37,0,50
2025-04-23T16:02:45,13,37,0,50
2025-04-23T16:10:41,13,37,0,50
2025-04-23T16:18:37,13,37,0,50
2025-04-23T16:26:33,13,37,0,50
2025-04-23T16:34:29,13,37,0,50
2025-04-23T16:42:26,13,37,0,50
2025-04-23T16:50:22,13,37,0,50
2025-04-23T16:58:19,13,37,0,50
2025-04-23T17:06:15,13,37,0,50
2025-04-23T17:14:11,13,37,0,50
2025-04-23T17:22:17,13,37,0,50
2025-04-23T17:30:13,13,37,0,50
2025-04-23T17:38:10,13,37,0,50
2025-04-23T17:46:06,13,37,0,50
2025-04-23T17:54:01,13,37,0,50
2025-04-23T18:01:57,13,37,0,50
2025-04-23T18:09:53,13,37,0,50
2025-04-23T18:17:50,13,37,0,50
2025-04-23T18:25:46,13,37,0,50
2025-04-23T18:33:42,13,37,0,50
2025-04-23T18:41:38,13,37,0,50
2025-04-23T18:49:33,13,37,0,50
2025-04-23T18:57:31,13,37,0,50
2025-04-23T19:05:27,13,37,0,50
2025-04-23T19:13:23,13,37,0,50
2025-04-23T19:21:30,13,37,0,50
2025-04-23T19:29:25,13,37,0,50
2025-04-23T19:37:21,13,37,0,50
2025-04-23T19:45:17,13,37,0,50
2025-04-23T19:53:13,13,37,0,50
2025-04-23T20:01:08,13,37,0,50
2025-04-23T20:09:04,13,37,0,50
2025-04-23T20:17:00,13,37,0,50
2025-04-23T20:24:55,13,37,0,50
2025-04-23T20:32:52,13,37,0,50
2025-04-23T20:40:47,13,37,0,50
2025-04-23T20:48:43,13,37,0,50
2025-04-23T20:56:39,13,37,0,50
2025-04-23T21:04:36,13,37,0,50
2025-04-23T21:12:31,13,37,0,50
2025-04-23T21:20:27,13,37,0,50
2025-04-23T21:28:23,13,37,0,50
2025-04-23T21:36:19,13,37,0,50
2025-04-23T21:44:15,13,37,0,50
2025-04-23T21:52:21,13,37,0,50
2025-04-23T22:00:16,13,37,0,50
2025-04-23T22:08:13,13,37,0,50
2025-04-23T22:16:09,13,37,0,50
2025-04-23T22:24:04,14,36,0,50
2025-04-23T22:32:01,14,36,0,50
2025-04-23T22:39:57,14,36,0,50
2025-04-23T22:47:53,14,36,0,50
2025-04-23T22:55:49,14,36,0,50
2025-04-23T23:03:46,14,36,0,50
2025-04-23T23:11:43,14,36,0,50
2025-04-23T23:19:38,14,36,0,50
2025-04-23T23:27:36,14,36,0,50
2025-04-23T23:35:33,14,36,0,50
2025-04-23T23:43:29,14,36,0,50
2025-04-23T23:51:25,14,36,0,50
2025-04-23T23:59:21,14,36,0,50
2025-04-24T00:07:18,14,36,0,50
2025-04-24T00:15:20,14,36,0,50
2025-04-24T00:23:17,14,36,0,50
2025-04-24T00:31:15,14,36,0,50
2025-04-24T00:39:13,14,36,0,50
2025-04-24T00:47:10,14,36,0,50
2025-04-24T00:55:08,14,36,0,50
2025-04-24T01:03:15,14,36,0,50
2025-04-24T01:11:13,14,36,0,50
2025-04-24T01:19:10,14,36,0,50
2025-04-24T01:27:07,14,36,0,50
2025-04-24T01:35:03,14,36,0,50
2025-04-24T01:43:02,14,36,0,50
2025-04-24T01:51:00,14,36,0,50
2025-04-24T01:58:56,14,36,0,50
2025-04-24T02:06:53,14,36,0,50
2025-04-24T02:14:49,14,36,0,50
2025-04-24T02:22:46,14,36,0,50
2025-04-24T02:30:42,14,36,0,50
2025-04-24T02:38:38,14,36,0,50
2025-04-24T02:46:34,14,36,0,50
2025-04-24T02:54:33,14,36,0,50
2025-04-24T03:02:47,14,36,0,50
2025-04-24T03:10:44,14,36,0,50
2025-04-24T03:18:41,14,36,0,50
2025-04-24T03:26:38,14,36,0,50
2025-04-24T03:34:34,14,36,0,50
2025-04-24T03:42:30,14,36,0,50
2025-04-24T03:50:26,14,36,0,50
2025-04-24T03:58:22,14,36,0,50
2025-04-24T04:06:20,14,36,0,50
2025-04-24T04:21:12,14,36,0,50
2025-04-24T04:29:33,14,36,0,50
2025-04-24T04:37:30,14,36,0,50
2025-04-24T04:45:27,14,36,0,50
2025-04-24T04:53:24,14,36,0,50
2025-04-24T05:01:21,14,36,0,50
2025-04-24T05:09:17,14,36,0,50
2025-04-24T05:17:14,14,36,0,50
2025-04-24T05:25:11,14,36,0,50
2025-04-24T05:33:07,14,36,0,50
2025-04-24T05:41:04,14,36,0,50
2025-04-24T05:49:02,14,36,0,50
2025-04-24T05:56:58,14,36,0,50
2025-04-24T06:04:55,14,36,0,50
2025-04-24T06:12:52,14,36,0,50
2025-04-24T06:20:49,14,36,0,50
2025-04-24T06:28:46,14,36,0,50
2025-04-24T06:36:43,14,36,0,50
2025-04-24T06:44:39,14,36,0,50
2025-04-24T06:52:35,14,36,0,50
2025-04-24T07:00:32,14,36,0,50
2025-04-24T07:08:31,14,36,0,50
2025-04-24T07:16:27,14,36,0,50
2025-04-24T07:24:23,14,36,0,50
2025-04-24T07:32:20,14,36,0,50
2025-04-24T07:40:16,14,36,0,50
2025-04-24T07:48:11,14,36,0,50
2025-04-24T07:56:09,14,36,0,50
2025-04-24T08:04:06,14,36,0,50
2025-04-24T08:12:03,14,36,0,50
2025-04-24T08:20:00,14,36,0,50
2025-04-24T08:27:56,14,36,0,50
2025-04-24T08:35:53,14,36,0,50
2025-04-24T08:43:49,14,36,0,50
2025-04-24T08:51:45,14,36,0,50
2025-04-24T08:59:49,14,36,0,50
2025-04-24T09:07:45,14,36,0,50
2025-04-24T09:15:41,14,36,0,50
2025-04-24T09:23:37,14,36,0,50
2025-04-24T09:31:32,14,36,0,50
2025-04-24T09:39:28,14,36,0,50
2025-04-24T09:47:24,14,36,0,50
2025-04-24T09:55:19,14,36,0,50
2025-04-24T10:03:15,14,36,0,50
2025-04-24T10:11:12,14,36,0,50
2025-04-24T10:19:07,14,36,0,50
2025-04-24T10:27:03,14,36,0,50
2025-04-24T10:35:00,14,36,0,50
2025-04-24T10:42:55,14,36,0,50
2025-04-24T10:50:51,14,36,0,50
2025-04-24T10:58:47,14,36,0,50
2025-04-24T11:06:43,14,36,0,50
2025-04-24T11:14:39,14,36,0,50
2025-04-24T11:22:35,14,36,0,50
2025-04-24T11:30:30,14,36,0,50
2025-04-24T11:38:36,14,36,0,50
2025-04-24T11:46:32,14,36,0,50
2025-04-24T11:54:27,14,36,0,50
2025-04-24T12:02:23,14,36,0,50
2025-04-24T12:10:19,14,36,0,50
2025-04-24T12:18:14,14,36,0,50
2025-04-24T12:26:10,14,36,0,50
2025-04-24T12:34:06,14,36,0,50
2025-04-24T12:42:01,14,36,0,50
2025-04-24T12:49:57,14,36,0,50
2025-04-24T12:57:54,14,36,0,50
2025-04-24T13:05:59,14,36,0,50
2025-04-24T13:13:55,14,36,0,50
2025-04-24T13:21:51,14,36,0,50
2025-04-24T13:29:47,14,36,0,50
2025-04-24T13:37:44,15,35,0,50
2025-04-24T13:45:39,15,35,0,50
2025-04-24T13:53:35,15,35,0,50
2025-04-24T14:01:31,15,35,0,50
2025-04-24T14:09:26,15,35,0,50
2025-04-24T14:17:23,15,35,0,50
2025-04-24T14:25:18,15,35,0,50
2025-04-24T14:33:14,15,35,0,50
2025-04-24T14:41:10,15,35,0,50
2025-04-24T14:49:06,15,35,0,50
2025-04-24T14:57:02,15,35,0,50
2025-04-24T15:05:08,15,35,0,50
2025-04-24T15:13:04,15,35,0,50
2025-04-24T15:21:00,15,35,0,50
2025-04-24T15:28:55,15,35,0,50
2025-04-24T15:36:52,15,35,0,50
2025-04-24T15:44:47,15,35,0,50
2025-04-24T15:52:43,15,35,0,50
2025-04-24T16:00:39,15,35,0,50
2025-04-24T16:08:35,15,35,0,50
2025-04-24T16:16:31,15,35,0,50
2025-04-24T16:24:27,15,35,0,50
2025-04-24T16:32:23,16,34,0,50
2025-04-24T16:40:19,16,34,0,50
2025-04-24T16:48:15,16,34,0,50
2025-04-24T16:56:21,16,34,0,50
2025-04-24T17:04:17,16,34,0,50
2025-04-24T17:12:13,16,34,0,50
2025-04-24T17:20:10,16,34,0,50
2025-04-24T17:28:05,16,34,0,50
2025-04-24T17:36:01,16,34,0,50
2025-04-24T17:43:57,16,34,0,50
2025-04-24T17:51:53,16,34,0,50
2025-04-24T17:59:49,16,34,0,50
2025-04-24T18:07:45,16,34,0,50
2025-04-24T18:15:41,16,34,0,50
2025-04-24T18:23:37,16,34,0,50
2025-04-24T18:31:33,16,34,0,50
2025-04-24T18:39:28,16,34,0,50
2025-04-24T18:47:33,16,34,0,50
2025-04-24T18:55:29,16,34,0,50
2025-04-24T19:03:25,16,34,0,50
2025-04-24T19:11:21,16,34,0,50
2025-04-24T19:19:16,16,34,0,50
2025-04-24T19:27:12,16,34,0,50
2025-04-24T19:35:08,16,34,0,50
2025-04-24T19:43:03,16,34,0,50
2025-04-24T19:50:59,16,34,0,50
2025-04-24T19:58:55,16,34,0,50
2025-04-24T20:06:56,16,34,0,50
2025-04-24T20:15:03,16,34,0,50
2025-04-24T20:23:13,16,34,0,50
2025-04-24T20:31:22,16,34,0,50
2025-04-24T20:39:29,16,34,0,50
2025-04-24T20:47:40,16,34,0,50
2025-04-24T20:55:41,16,34,0,50
2025-04-24T21:03:36,16,34,0,50
2025-04-24T21:11:32,16,34,0,50
2025-04-24T21:19:28,16,34,0,50
2025-04-24T21:27:24,16,34,0,50
2025-04-24T21:35:30,16,34,0,50
2025-04-24T21:43:25,16,34,0,50
2025-04-24T21:51:21,16,34,0,50
2025-04-24T21:59:17,16,34,0,50
2025-04-24T22:07:12,16,34,0,50
2025-04-24T22:15:08,16,34,0,50
2025-04-24T22:23:04,16,34,0,50
2025-04-24T22:30:59,16,34,0,50
2025-04-24T22:38:55,16,34,0,50
2025-04-24T22:46:52,16,34,0,50
2025-04-24T22:54:48,16,34,0,50
2025-04-24T23:02:46,16,34,0,50
2025-04-24T23:10:42,16,34,0,50
2025-04-24T23:18:38,16,34,0,50
2025-04-24T23:26:34,16,34,0,50
2025-04-24T23:34:31,16,34,0,50
2025-04-24T23:42:26,16,34,0,50
2025-04-24T23:50:22,16,34,0,50
2025-04-24T23:58:18,16,34,0,50
2025-04-25T00:06:16,16,34,0,50
2025-04-25T00:14:18,16,34,0,50
2025-04-25T00:22:24,16,34,0,50
2025-04-25T00:30:22,16,34,0,50
2025-04-25T00:38:19,16,34,0,50
2025-04-25T00:46:16,16,34,0,50
2025-04-25T00:54:13,16,34,0,50
2025-04-25T01:02:09,16,34,0,50
2025-04-25T01:10:07,16,34,0,50
2025-04-25T01:18:04,16,34,0,50
2025-04-25T01:26:01,16,34,0,50
2025-04-25T01:33:58,16,34,0,50
2025-04-25T01:41:55,16,34,0,50
2025-04-25T01:49:52,16,34,0,50
2025-04-25T01:57:49,16,34,0,50
2025-04-25T02:05:45,16,34,0,50
2025-04-25T02:13:43,16,34,0,50
2025-04-25T02:21:43,16,34,0,50
2025-04-25T02:29:43,16,34,0,50
2025-04-25T02:37:41,16,34,0,50
2025-04-25T02:45:38,16,34,0,50
2025-04-25T02:53:36,16,34,0,50
2025-04-25T03:01:34,16,34,0,50
2025-04-25T03:09:31,16,34,0,50
2025-04-25T03:17:28,16,34,0,50
2025-04-25T03:25:25,16,34,0,50
2025-04-25T03:33:23,16,34,0,50
2025-04-25T03:41:40,16,34,0,50
2025-04-25T03:49:38,16,34,0,50
2025-04-25T03:59:39,16,34,0,50
2025-04-25T04:07:54,16,34,0,50
2025-04-25T04:15:52,16,34,0,50
2025-04-25T04:29:09,16,34,0,50
2025-04-25T04:37:30,16,34,0,50
2025-04-25T04:45:27,16,34,0,50
2025-04-25T04:53:24,16,34,0,50
2025-04-25T05:01:21,16,34,0,50
2025-04-25T05:09:17,16,34,0,50
2025-04-25T05:17:14,16,34,0,50
2025-04-25T05:25:11,16,34,0,50
2025-04-25T05:33:09,16,34,0,50
2025-04-25T05:41:07,16,34,0,50
2025-04-25T05:49:04,16,34,0,50
2025-04-25T05:57:00,16,34,0,50
2025-04-25T06:04:57,16,34,0,50
2025-04-25T06:12:53,16,34,0,50
2025-04-25T06:20:50,16,34,0,50
2025-04-25T06:28:46,16,34,0,50
2025-04-25T06:36:44,16,34,0,50
2025-04-25T06:44:42,16,34,0,50
2025-04-25T06:52:38,16,34,0,50
2025-04-25T07:00:35,16,34,0,50
2025-04-25T07:08:31,16,34,0,50
2025-04-25T07:16:27,16,34,0,50
2025-04-25T07:24:23,16,34,0,50
2025-04-25T07:32:19,16,34,0,50
2025-04-25T07:40:15,16,34,0,50
2025-04-25T07:48:11,16,34,0,50
2025-04-25T07:56:07,16,34,0,50
2025-04-25T08:04:03,16,34,0,50
2025-04-25T08:11:59,16,34,0,50
2025-04-25T08:19:55,16,34,0,50
2025-04-25T08:27:51,16,34,0,50
2025-04-25T08:35:47,16,34,0,50
2025-04-25T08:43:43,16,34,0,50
2025-04-25T08:51:55,16,34,0,50
2025-04-25T08:59:50,16,34,0,50
2025-04-25T09:07:47,16,34,0,50
2025-04-25T09:15:43,16,34,0,50
2025-04-25T09:23:38,16,34,0,50
2025-04-25T09:31:34,16,34,0,50
2025-04-25T09:39:29,16,34,0,50
2025-04-25T09:47:25,16,34,0,50
2025-04-25T09:55:21,16,34,0,50
2025-04-25T10:03:17,16,34,0,50
2025-04-25T10:11:13,16,34,0,50
2025-04-25T10:19:08,16,34,0,50
2025-04-25T10:27:06,16,34,0,50
2025-04-25T10:35:02,16,34,0,50
2025-04-25T10:42:57,16,34,0,50
2025-04-25T10:50:53,16,34,0,50
2025-04-25T10:58:49,16,34,0,50
2025-04-25T11:06:45,16,34,0,50
2025-04-25T11:14:41,16,34,0,50
2025-04-25T11:22:36,16,34,0,50
2025-04-25T11:30:42,16,34,0,50
2025-04-25T11:38:39,16,34,0,50
2025-04-25T11:46:34,16,34,0,50
2025-04-25T11:54:30,16,34,0,50
2025-04-25T12:02:26,16,34,0,50
2025-04-25T12:10:22,16,34,0,50
2025-04-25T12:18:18,16,34,0,50
2025-04-25T12:26:15,16,34,0,50
2025-04-25T12:34:11,16,34,0,50
2025-04-25T12:42:07,16,34,0,50
2025-04-25T12:50:02,16,34,0,50
2025-04-25T12:58:07,16,34,0,50
2025-04-25T13:06:03,16,34,0,50
2025-04-25T13:13:58,16,34,0,50
2025-04-25T13:21:54,16,34,0,50
2025-04-25T13:29:49,16,34,0,50
2025-04-25T13:37:45,16,34,0,50
2025-04-25T13:45:41,16,34,0,50
2025-04-25T13:53:36,16,34,0,50
2025-04-25T14:01:32,16,34,0,50
2025-04-25T14:09:28,16,34,0,50
2025-04-25T14:17:23,16,34,0,50
2025-04-25T14:25:19,16,34,0,50
2025-04-25T14:33:15,16,34,0,50
2025-04-25T14:41:11,16,34,0,50
2025-04-25T14:49:07,16,34,0,50
2025-04-25T14:57:13,16,34,0,50
2025-04-25T15:05:09,16,34,0,50
2025-04-25T15:13:04,16,34,0,50
2025-04-25T15:21:00,16,34,0,50
2025-04-25T15:28:56,16,34,0,50
2025-04-25T15:36:51,16,34,0,50
2025-04-25T15:44:47,16,34,0,50
2025-04-25T15:52:43,16,34,0,50
2025-04-25T16:00:38,16,34,0,50
2025-04-25T16:08:34,16,34,0,50
2025-04-25T16:16:30,16,34,0,50
2025-04-25T16:24:25,16,34,0,50
2025-04-25T16:32:30,16,34,0,50
2025-04-25T16:40:26,16,34,0,50
2025-04-25T16:48:22,16,34,0,50
2025-04-25T16:56:18,16,34,0,50
2025-04-25T17:04:14,16,34,0,50
2025-04-25T17:12:10,16,34,0,50
2025-04-25T17:20:06,16,34,0,50
2025-04-25T17:28:03,16,34,0,50
2025-04-25T17:35:58,16,34,0,50
2025-04-25T17:43:54,16,34,0,50
2025-04-25T17:51:50,16,34,0,50
2025-04-25T17:59:46,16,34,0,50
2025-04-25T18:07:42,16,34,0,50
2025-04-25T18:15:38,16,34,0,50
2025-04-25T18:23:34,16,34,0,50
2025-04-25T18:31:29,16,34,0,50
2025-04-25T18:39:26,16,34,0,50
2025-04-25T18:47:38,16,34,0,50
2025-04-25T18:55:34,16,34,0,50
2025-04-25T19:03:29,16,34,0,50
2025-04-25T19:11:25,16,34,0,50
2025-04-25T19:19:21,16,34,0,50
2025-04-25T19:27:16,16,34,0,50
2025-04-25T19:35:12,16,34,0,50
2025-04-25T19:43:07,16,34,0,50
2025-04-25T19:51:03,16,34,0,50
2025-04-25T19:58:59,16,34,0,50
2025-04-25T20:06:54,16,34,0,50
2025-04-25T20:14:50,16,34,0,50
2025-04-25T20:22:46,16,34,0,50
2025-04-25T20:30:41,16,34,0,50
2025-04-25T20:38:37,16,34,0,50
2025-04-25T20:46:33,16,34,0,50
2025-04-25T20:54:28,16,34,0,50
2025-04-25T21:02:24,16,34,0,50
2025-04-25T21:10:29,16,34,0,50
2025-04-25T21:18:25,16,34,0,50
2025-04-25T21:26:20,16,34,0,50
2025-04-25T21:34:16,16,34,0,50
2025-04-25T21:42:12,16,34,0,50
2025-04-25T21:50:07,16,34,0,50
2025-04-25T21:58:04,16,34,0,50
2025-04-25T22:05:59,16,34,0,50
2025-04-25T22:13:55,16,34,0,50
2025-04-25T22:21:50,16,34,0,50
2025-04-25T22:29:46,16,34,0,50
2025-04-25T22:37:46,16,34,0,50
2025-04-25T22:45:42,16,34,0,50
2025-04-25T22:53:39,16,34,0,50
2025-04-25T23:01:35,16,34,0,50
2025-04-25T23:09:31,16,34,0,50
2025-04-25T23:17:27,16,34,0,50
2025-04-25T23:25:23,16,34,0,50
2025-04-25T23:33:18,16,34,0,50
2025-04-25T23:41:14,16,34,0,50
2025-04-25T23:49:10,16,34,0,50
2025-04-25T23:57:16,16,34,0,50
2025-04-26T00:05:26,16,34,0,50
2025-04-26T00:13:42,16,34,0,50
2025-04-26T00:21:52,16,34,0,50
2025-04-26T00:30:00,16,34,0,50
2025-04-26T00:38:11,16,34,0,50
2025-04-26T00:46:15,16,34,0,50
2025-04-26T00:54:11,16,34,0,50
2025-04-26T01:02:08,16,34,0,50
2025-04-26T01:10:05,16,34,0,50
2025-04-26T01:18:02,16,34,0,50
2025-04-26T01:25:59,16,34,0,50
2025-04-26T01:33:56,16,34,0,50
2025-04-26T01:41:53,16,34,0,50
2025-04-26T01:49:50,16,34,0,50
2025-04-26T01:57:47,16,34,0,50
2025-04-26T02:05:43,16,34,0,50
2025-04-26T02:13:39,16,34,0,50
2025-04-26T02:21:35,16,34,0,50
2025-04-26T02:29:31,16,34,0,50
2025-04-26T02:37:27,16,34,0,50
2025-04-26T02:45:22,16,34,0,50
2025-04-26T02:53:18,16,34,0,50
2025-04-26T03:01:13,16,34,0,50
2025-04-26T03:09:09,16,34,0,50
2025-04-26T03:17:06,16,34,0,50
2025-04-26T03:25:01,16,34,0,50
2025-04-26T03:32:57,16,34,0,50
2025-04-26T03:40:53,16,34,0,50
2025-04-26T03:48:59,16,34,0,50
2025-04-26T03:56:56,16,34,0,50
2025-04-26T04:04:53,16,34,0,50
2025-04-27T12:38:58,16,34,0,50
2025-04-27T12:46:54,16,34,0,50
2025-04-27T12:54:50,16,34,0,50
2025-04-27T13:02:45,16,34,0,50
2025-04-27T13:10:41,16,34,0,50
2025-04-27T13:18:37,16,34,0,50
2025-04-27T13:26:33,16,34,0,50
2025-04-27T13:34:29,16,34,0,50
2025-04-27T13:42:25,16,34,0,50
2025-04-27T13:50:21,16,34,0,50
2025-04-27T13:58:16,16,34,0,50
2025-04-27T14:06:12,16,34,0,50
2025-04-27T14:14:08,16,34,0,50
2025-04-27T14:22:04,16,34,0,50
2025-04-27T14:30:00,16,34,0,50
2025-04-27T14:37:55,16,34,0,50
2025-04-27T14:45:51,16,34,0,50
2025-04-27T14:53:47,16,34,0,50
2025-04-27T15:01:43,16,34,0,50
2025-04-27T15:09:39,16,34,0,50
2025-04-27T15:17:35,16,34,0,50
2025-04-27T15:25:31,16,34,0,50
2025-04-27T15:33:36,16,34,0,50
2025-04-27T15:41:32,16,34,0,50
2025-04-27T15:49:28,16,34,0,50
2025-04-27T15:57:23,16,34,0,50
2025-04-27T16:05:19,16,34,0,50
2025-04-27T16:13:15,16,34,0,50
2025-04-27T16:21:11,16,34,0,50
2025-04-27T16:29:07,16,34,0,50
2025-04-27T16:37:03,16,34,0,50
2025-04-27T16:44:59,16,34,0,50
2025-04-27T16:52:55,16,34,0,50
2025-04-27T17:00:51,16,34,0,50
2025-04-27T17:08:47,16,34,0,50
2025-04-27T17:16:43,16,34,0,50
2025-04-27T17:24:38,16,34,0,50
2025-04-27T17:32:34,16,34,0,50
2025-04-27T17:40:30,16,34,0,50
2025-04-27T17:48:26,16,34,0,50
2025-04-27T17:56:22,16,34,0,50
2025-04-27T18:04:18,16,34,0,50
2025-04-27T18:12:14,16,34,0,50
2025-04-27T18:20:11,16,34,0,50
2025-04-27T18:28:07,16,34,0,50
2025-04-27T18:36:03,16,34,0,50
2025-04-27T18:43:59,16,34,0,50
2025-04-27T18:52:05,16,34,0,50
2025-04-27T19:00:01,16,34,0,50
2025-04-27T19:07:57,16,34,0,50
2025-04-27T19:15:53,16,34,0,50
2025-04-27T19:23:49,16,34,0,50
2025-04-27T19:31:44,16,34,0,50
2025-04-27T19:39:40,16,34,0,50
2025-04-27T19:47:36,16,34,0,50
2025-04-27T19:55:32,16,34,0,50
2025-04-27T20:03:28,16,34,0,50
2025-04-27T20:11:24,16,34,0,50
2025-04-27T20:19:19,16,34,0,50
2025-04-27T20:27:15,16,34,0,50
2025-04-27T20:35:11,16,34,0,50
2025-04-27T20:43:07,16,34,0,50
2025-04-27T20:51:03,16,34,0,50
2025-04-27T20:58:58,16,34,0,50
2025-04-27T21:06:54,16,34,0,50
2025-04-27T21:14:50,16,34,0,50
2025-04-27T21:22:46,16,34,0,50
2025-04-27T21:30:42,16,34,0,50
2025-04-27T21:38:38,16,34,0,50
2025-04-27T21:46:44,16,34,0,50
2025-04-27T21:54:39,16,34,0,50
2025-04-27T22:02:35,16,34,0,50
2025-04-27T22:10:31,16,34,0,50
2025-04-27T22:18:27,16,34,0,50
2025-04-27T22:26:23,16,34,0,50
2025-04-27T22:34:18,16,34,0,50
2025-04-27T22:42:14,16,34,0,50
2025-04-27T22:50:10,16,34,0,50
2025-04-27T22:58:05,16,34,0,50
2025-04-27T23:06:02,16,34,0,50
2025-04-27T23:13:58,16,34,0,50
2025-04-27T23:21:56,16,34,0,50
2025-04-27T23:29:51,16,34,0,50
2025-04-27T23:37:47,16,34,0,50
2025-04-27T23:45:43,16,34,0,50
2025-04-27T23:53:40,16,34,0,50
2025-04-28T00:01:38,16,34,0,50
2025-04-28T00:09:35,16,34,0,50
2025-04-28T00:17:41,16,34,0,50
2025-04-28T00:25:37,16,34,0,50
2025-04-28T00:33:34,16,34,0,50
2025-04-28T00:41:40,16,34,0,50
2025-04-28T00:49:37,16,34,0,50
2025-04-28T00:57:35,16,34,0,50
2025-04-28T01:05:31,16,34,0,50
2025-04-28T01:13:29,16,34,0,50
2025-04-28T01:21:26,16,34,0,50
2025-04-28T01:29:24,16,34,0,50
2025-04-28T01:37:20,16,34,0,50
2025-04-28T01:45:17,16,34,0,50
2025-04-28T01:53:13,16,34,0,50
2025-04-28T02:01:10,16,34,0,50
2025-04-28T02:09:06,16,34,0,50
2025-04-28T02:17:03,16,34,0,50
2025-04-28T02:25:22,16,34,0,50
2025-04-28T02:33:19,16,34,0,50
2025-04-28T02:41:15,16,34,0,50
2025-04-28T02:49:12,16,34,0,50
2025-04-28T02:57:09,16,34,0,50
2025-04-28T03:05:05,16,34,0,50
2025-04-28T03:13:02,16,34,0,50
2025-04-28T03:20:58,16,34,0,50
2025-04-28T03:28:55,16,34,0,50
2025-04-28T03:36:51,16,34,0,50
2025-04-28T03:44:47,16,34,0,50
2025-04-28T03:52:44,16,34,0,50
2025-04-28T04:00:41,16,34,0,50
2025-04-28T04:08:39,16,34,0,50
2025-04-28T04:16:36,16,34,0,50
2025-04-28T04:29:44,16,34,0,50
2025-04-28T04:37:58,16,34,0,50
2025-04-28T04:45:57,16,34,0,50
2025-04-28T04:53:54,16,34,0,50
2025-04-28T05:01:52,16,34,0,50
2025-04-28T05:09:49,16,34,0,50
2025-04-28T05:17:46,16,34,0,50
2025-04-28T05:25:42,16,34,0,50
2025-04-28T05:33:39,16,34,0,50
2025-04-28T05:41:35,16,34,0,50
2025-04-28T05:49:32,16,34,0,50
2025-04-28T05:57:28,16,34,0,50
2025-04-28T06:05:25,16,34,0,50
2025-04-28T06:13:22,16,34,0,50
2025-04-28T06:21:19,16,34,0,50
2025-04-28T06:29:16,16,34,0,50
2025-04-28T06:37:13,16,34,0,50
2025-04-28T06:45:10,16,34,0,50
2025-04-28T06:53:07,16,34,0,50
2025-04-28T07:01:04,16,34,0,50
2025-04-28T07:09:00,16,34,0,50
2025-04-28T07:16:57,16,34,0,50
2025-04-28T07:24:53,16,34,0,50
2025-04-28T07:32:50,16,34,0,50
2025-04-28T07:40:46,16,34,0,50
2025-04-28T07:48:42,16,34,0,50
2025-04-28T07:56:38,16,34,0,50
2025-04-28T08:04:35,16,34,0,50
2025-04-28T08:12:32,16,34,0,50
2025-04-28T08:20:27,16,34,0,50
2025-04-28T08:28:23,16,34,0,50
2025-04-28T08:36:22,16,34,0,50
2025-04-28T08:44:18,16,34,0,50
2025-04-28T08:52:13,16,34,0,50
2025-04-28T09:00:19,16,34,0,50
2025-04-28T09:08:15,16,34,0,50
2025-04-28T09:16:11,16,34,0,50
2025-04-28T09:24:07,16,34,0,50
2025-04-28T09:32:03,16,34,0,50
2025-04-28T09:39:59,16,34,0,50
2025-04-28T09:47:55,16,34,0,50
2025-04-28T09:55:51,16,34,0,50
2025-04-28T10:03:47,16,34,0,50
2025-04-28T10:11:43,16,34,0,50
2025-04-28T10:19:39,16,34,0,50
2025-04-28T10:27:35,16,34,0,50
2025-04-28T10:35:31,16,34,0,50
2025-04-28T10:43:26,16,34,0,50
2025-04-28T10:51:22,16,34,0,50
2025-04-28T10:59:18,16,34,0,50
2025-04-28T11:07:15,16,34,0,50
2025-04-28T11:15:11,16,34,0,50
2025-04-28T11:23:08,16,34,0,50
2025-04-28T11:31:17,16,34,0,50
2025-04-28T11:39:15,16,34,0,50
2025-04-28T11:47:12,16,34,0,50
2025-04-28T11:55:10,16,34,0,50
2025-04-28T12:03:08,16,34,0,50
2025-04-28T12:11:06,16,34,0,50
2025-04-28T12:19:03,16,34,0,50
2025-04-28T12:27:02,16,34,0,50
2025-04-28T12:35:00,16,34,0,50
2025-04-28T12:42:59,16,34,0,50
2025-04-28T12:50:56,16,34,0,50
2025-04-28T12:58:54,16,34,0,50
2025-04-28T13:06:52,16,34,0,50
2025-04-28T13:15:00,16,34,0,50
2025-04-28T13:22:57,16,34,0,50
2025-04-28T13:30:55,16,34,0,50
2025-04-28T13:38:53,16,34,0,50
2025-04-28T13:46:51,16,34,0,50
2025-04-28T13:54:54,16,34,0,50
2025-04-28T14:03:05,16,34,0,50
2025-04-28T14:11:11,16,34,0,50
2025-04-28T14:19:19,16,34,0,50
2025-04-28T14:27:28,16,34,0,50
2025-04-28T14:35:26,16,34,0,50
2025-04-28T14:43:24,16,34,0,50
2025-04-28T14:51:21,16,34,0,50
2025-04-28T14:59:19,16,34,0,50
2025-04-28T15:07:27,16,34,0,50
2025-04-28T15:15:25,16,34,0,50
2025-04-28T15:23:23,16,34,0,50
2025-04-28T15:31:21,16,34,0,50
2025-04-28T15:39:19,16,34,0,50
2025-04-28T15:47:16,16,34,0,50
2025-04-28T15:55:14,16,34,0,50
2025-04-28T16:03:13,16,34,0,50
2025-04-28T16:11:12,16,34,0,50
2025-04-28T16:19:10,16,34,0,50
2025-04-28T16:27:08,16,34,0,50
2025-04-28T16:35:06,16,34,0,50
2025-04-28T16:43:04,16,34,0,50
2025-04-28T16:51:12,16,34,0,50
2025-04-28T16:59:10,16,34,0,50
2025-04-28T17:07:08,16,34,0,50
2025-04-28T17:15:06,16,34,0,50
2025-04-28T17:23:04,16,34,0,50
2025-04-28T17:31:02,16,34,0,50
2025-04-28T17:38:59,16,34,0,50
2025-04-28T17:46:57,16,34,0,50
2025-04-28T17:54:55,16,34,0,50
2025-04-28T18:02:53,16,34,0,50
2025-04-28T18:10:51,16,34,0,50
2025-04-28T18:18:49,16,34,0,50
2025-04-28T18:26:47,16,34,0,50
2025-04-28T18:34:45,16,34,0,50
2025-04-28T18:42:43,16,34,0,50
2025-04-28T18:50:49,16,34,0,50
2025-04-28T18:58:46,16,34,0,50
2025-04-28T19:06:44,16,34,0,50
2025-04-28T19:14:42,16,34,0,50
2025-04-28T19:22:40,16,34,0,50
2025-04-28T19:30:38,16,34,0,50
2025-04-28T19:38:36,16,34,0,50
2025-04-28T19:46:34,16,34,0,50
2025-04-28T19:54:31,16,34,0,50
2025-04-28T20:02:29,16,34,0,50
2025-04-28T20:10:27,16,34,0,50
2025-04-28T20:18:25,16,34,0,50
2025-04-28T20:26:23,16,34,0,50
2025-04-28T20:34:21,16,34,0,50
2025-04-28T20:42:19,16,34,0,50
2025-04-28T20:50:16,16,34,0,50
2025-04-28T20:58:15,16,34,0,50
2025-04-28T21:06:12,16,34,0,50
2025-04-28T21:14:10,16,34,0,50
2025-04-28T21:22:08,16,34,0,50
2025-04-28T21:30:15,16,34,0,50
2025-04-28T21:38:13,16,34,0,50
2025-04-28T21:46:11,16,34,0,50
2025-04-28T21:54:09,16,34,0,50
2025-04-28T22:02:07,16,34,0,50
2025-04-28T22:10:04,16,34,0,50
2025-04-28T22:18:03,16,34,0,50
2025-04-28T22:26:00,16,34,0,50
2025-04-28T22:33:58,16,34,0,50
2025-04-28T22:41:56,16,34,0,50
2025-04-28T22:49:54,16,34,0,50
2025-04-28T22:57:52,16,34,0,50
2025-04-28T23:05:52,16,34,0,50
2025-04-28T23:13:50,16,34,0,50
2025-04-28T23:21:48,16,34,0,50
2025-04-28T23:29:46,16,34,0,50
2025-04-28T23:37:45,16,34,0,50
2025-04-28T23:45:42,16,34,0,50
2025-04-28T23:53:43,16,34,0,50
2025-04-29T00:01:41,16,34,0,50
2025-04-29T00:09:40,16,34,0,50
2025-04-29T00:17:40,16,34,0,50
2025-04-29T00:25:47,16,34,0,50
2025-04-29T00:33:47,16,34,0,50
2025-04-29T00:41:45,16,34,0,50
2025-04-29T00:49:45,16,34,0,50
2025-04-29T00:57:43,16,34,0,50
2025-04-29T01:05:43,16,34,0,50
2025-04-29T01:13:41,16,34,0,50
2025-04-29T01:21:40,16,34,0,50
2025-04-29T01:29:38,16,34,0,50
2025-04-29T01:37:37,16,34,0,50
2025-04-29T01:45:36,16,34,0,50
2025-04-29T01:53:35,16,34,0,50
2025-04-29T02:01:34,16,34,0,50
2025-04-29T02:09:32,16,34,0,50
2025-04-29T02:17:30,16,34,0,50
2025-04-29T02:25:28,16,34,0,50
2025-04-29T02:33:27,16,34,0,50
2025-04-29T02:41:26,16,34,0,50
2025-04-29T02:49:25,16,34,0,50
2025-04-29T02:57:43,16,34,0,50
2025-04-29T03:05:42,16,34,0,50
2025-04-29T03:13:41,16,34,0,50
2025-04-29T03:21:39,16,34,0,50
2025-04-29T03:29:37,16,34,0,50
2025-04-29T03:37:35,16,34,0,50
2025-04-29T03:45:34,16,34,0,50
2025-04-29T03:53:32,16,34,0,50
2025-04-29T04:01:30,16,34,0,50
2025-04-29T04:09:31,16,34,0,50
2025-04-29T04:25:39,16,34,0,50
2025-04-29T04:33:55,16,34,0,50
2025-04-29T04:41:54,16,34,0,50
2025-04-29T04:49:53,16,34,0,50
2025-04-29T04:57:51,16,34,0,50
2025-04-29T05:05:49,16,34,0,50
2025-04-29T05:13:48,16,34,0,50
2025-04-29T05:21:46,16,34,0,50
2025-04-29T05:29:45,16,34,0,50
2025-04-29T05:37:44,16,34,0,50
2025-04-29T05:45:43,16,34,0,50
2025-04-29T05:53:42,16,34,0,50
2025-04-29T06:01:41,16,34,0,50
2025-04-29T06:09:40,16,34,0,50
2025-04-29T06:17:39,16,34,0,50
2025-04-29T06:25:39,16,34,0,50
2025-04-29T06:33:37,16,34,0,50
2025-04-29T06:41:39,16,34,0,50
2025-04-29T06:49:37,16,34,0,50
2025-04-29T06:57:37,16,34,0,50
2025-04-29T07:05:35,16,34,0,50
2025-04-29T07:13:34,16,34,0,50
2025-04-29T07:21:32,16,34,0,50
2025-04-29T07:29:30,16,34,0,50
2025-04-29T07:37:30,16,34,0,50
2025-04-29T07:45:28,16,34,0,50
2025-04-29T07:53:26,16,34,0,50
2025-04-29T08:01:25,16,34,0,50
2025-04-29T08:09:23,16,34,0,50
2025-04-29T08:17:21,16,34,0,50
2025-04-29T08:25:19,16,34,0,50
2025-04-29T08:33:17,16,34,0,50
2025-04-29T08:41:15,16,34,0,50
2025-04-29T08:49:13,16,34,0,50
2025-04-29T08:57:11,16,34,0,50
2025-04-29T09:05:18,16,34,0,50
2025-04-29T09:13:16,16,34,0,50
2025-04-29T09:21:14,16,34,0,50
2025-04-29T09:29:12,16,34,0,50
2025-04-29T09:37:09,16,34,0,50
2025-04-29T09:45:07,16,34,0,50
2025-04-29T09:53:05,16,34,0,50
2025-04-29T10:01:02,16,34,0,50
2025-04-29T10:09:00,16,34,0,50
2025-04-29T10:16:58,16,34,0,50
2025-04-29T10:24:55,16,34,0,50
2025-04-29T10:32:53,16,34,0,50
2025-04-29T10:40:51,16,34,0,50
2025-04-29T10:48:49,16,34,0,50
2025-04-29T10:56:46,16,34,0,50
2025-04-29T11:04:44,16,34,0,50
2025-04-29T11:12:42,16,34,0,50
2025-04-29T11:20:40,16,34,0,50
2025-04-29T11:28:49,16,34,0,50
2025-04-29T11:36:47,16,34,0,50
2025-04-29T11:44:44,16,34,0,50
2025-04-29T11:52:42,16,34,0,50
2025-04-29T12:00:40,16,34,0,50
2025-04-29T12:08:39,16,34,0,50
2025-04-29T12:16:36,16,34,0,50
2025-04-29T12:24:36,16,34,0,50
2025-04-29T12:32:34,16,34,0,50
2025-04-29T12:40:41,16,34,0,50
2025-04-29T12:48:39,16,34,0,50
2025-04-29T12:56:37,16,34,0,50
2025-04-29T13:04:35,16,34,0,50
2025-04-29T13:12:33,16,34,0,50
2025-04-29T13:20:31,16,34,0,50
2025-04-29T13:28:29,16,34,0,50
2025-04-29T13:36:27,16,34,0,50
2025-04-29T13:44:24,16,34,0,50
2025-04-29T13:52:22,16,34,0,50
2025-04-29T14:00:20,16,34,0,50
2025-04-29T14:08:18,16,34,0,50
2025-04-29T14:16:16,16,34,0,50
2025-04-29T14:24:13,16,34,0,50
2025-04-29T14:32:11,16,34,0,50
2025-04-29T14:40:08,16,34,0,50
2025-04-29T14:48:17,16,34,0,50
2025-04-29T14:56:15,16,34,0,50
2025-04-29T15:04:13,16,34,0,50
2025-04-29T15:12:11,16,34,0,50
2025-04-29T15:20:09,16,34,0,50
2025-04-29T15:28:07,16,34,0,50
2025-04-29T15:36:05,16,34,0,50
2025-04-29T15:44:03,16,34,0,50
2025-04-29T15:52:01,16,34,0,50
2025-04-29T15:59:58,16,34,0,50
2025-04-29T16:07:56,16,34,0,50
2025-04-29T16:15:54,16,34,0,50
2025-04-29T16:23:52,16,34,0,50
2025-04-29T16:32:00,16,34,0,50
2025-04-29T16:39:57,16,34,0,50
2025-04-29T16:47:55,16,34,0,50
2025-04-29T16:55:53,16,34,0,50
2025-04-29T17:03:50,16,34,0,50
2025-04-29T17:11:49,16,34,0,50
2025-04-29T17:19:47,16,34,0,50
2025-04-29T17:27:44,16,34,0,50
2025-04-29T17:35:42,16,34,0,50
2025-04-29T17:43:40,16,34,0,50
2025-04-29T17:51:37,16,34,0,50
2025-04-29T17:59:35,16,34,0,50
2025-04-29T18:07:33,16,34,0,50
2025-04-29T18:15:30,16,34,0,50
2025-04-29T18:23:28,16,34,0,50
2025-04-29T18:31:36,16,34,0,50
2025-04-29T18:39:33,16,34,0,50
2025-04-29T18:47:31,16,34,0,50
2025-04-29T18:55:29,16,34,0,50
2025-04-29T19:03:26,16,34,0,50
2025-04-29T19:11:31,16,34,0,50
2025-04-29T19:19:43,16,34,0,50
2025-04-29T19:27:48,16,34,0,50
2025-04-29T19:35:54,16,34,0,50
2025-04-29T19:44:37,16,34,0,50
2025-04-29T19:52:35,16,34,0,50
2025-04-29T20:01:14,16,34,0,50
2025-04-29T20:09:12,16,34,0,50
2025-04-29T20:17:10,16,34,0,50
2025-04-29T20:25:08,16,34,0,50
2025-04-29T20:33:05,16,34,0,50
2025-04-29T20:41:03,16,34,0,50
2025-04-29T20:49:01,16,34,0,50
2025-04-29T20:56:59,16,34,0,50
2025-04-29T21:05:07,16,34,0,50
2025-04-29T21:13:04,16,34,0,50
2025-04-29T21:21:02,16,34,0,50
2025-04-29T21:29:00,16,34,0,50
2025-04-29T21:36:57,16,34,0,50
2025-04-29T21:44:55,16,34,0,50
2025-04-29T21:52:53,16,34,0,50
2025-04-29T22:00:50,16,34,0,50
2025-04-29T22:08:48,16,34,0,50
2025-04-29T22:16:46,16,34,0,50
2025-04-29T22:24:43,16,34,0,50
2025-04-29T22:32:41,16,34,0,50
2025-04-29T22:40:39,16,34,0,50
2025-04-29T22:48:37,16,34,0,50
2025-04-29T22:56:36,16,34,0,50
2025-04-29T23:04:34,16,34,0,50
2025-04-29T23:12:33,16,34,0,50
2025-04-29T23:20:31,16,34,0,50
2025-04-29T23:28:29,16,34,0,50
2025-04-29T23:36:27,16,34,0,50
2025-04-29T23:44:25,16,34,0,50
2025-04-29T23:52:33,16,34,0,50
2025-04-30T00:00:31,16,34,0,50
2025-04-30T00:08:33,16,34,0,50
2025-04-30T00:16:36,16,34,0,50
2025-04-30T00:24:34,16,34,0,50
2025-04-30T00:32:32,16,34,0,50
2025-04-30T00:40:32,16,34,0,50
2025-04-30T00:48:31,16,34,0,50
2025-04-30T00:56:30,16,34,0,50
2025-04-30T01:04:28,16,34,0,50
2025-04-30T01:12:27,16,34,0,50
2025-04-30T01:20:25,16,34,0,50
2025-04-30T01:28:24,16,34,0,50
2025-04-30T01:36:23,16,34,0,50
2025-04-30T01:44:21,16,34,0,50
2025-04-30T01:52:20,16,34,0,50
2025-04-30T02:00:19,16,34,0,50
2025-04-30T02:08:18,16,34,0,50
2025-04-30T02:16:17,16,34,0,50
2025-04-30T02:24:15,16,34,0,50
2025-04-30T02:32:14,16,34,0,50
2025-04-30T02:40:12,16,34,0,50
2025-04-30T02:48:10,16,34,0,50
2025-04-30T02:56:09,16,34,0,50
2025-04-30T03:04:07,16,34,0,50
2025-04-30T03:12:06,16,34,0,50
2025-04-30T03:20:04,16,34,0,50
2025-04-30T03:28:02,16,34,0,50
2025-04-30T03:36:00,16,34,0,50
2025-04-30T03:44:05,16,34,0,50
2025-04-30T03:52:24,16,34,0,50
2025-04-30T04:00:23,16,34,0,50
2025-04-30T04:19:06,16,34,0,50
2025-04-30T04:27:27,16,34,0,50
2025-04-30T04:35:26,16,34,0,50
2025-04-30T04:43:25,16,34,0,50
2025-04-30T04:51:24,16,34,0,50
2025-04-30T04:59:23,16,34,0,50
2025-04-30T05:07:21,16,34,0,50
2025-04-30T05:15:19,16,34,0,50
2025-04-30T05:23:18,16,34,0,50
2025-04-30T05:31:16,16,34,0,50
2025-04-30T05:39:15,16,34,0,50
2025-04-30T05:47:14,16,34,0,50
2025-04-30T05:55:13,16,34,0,50
2025-04-30T06:03:12,16,34,0,50
2025-04-30T06:11:11,16,34,0,50
2025-04-30T06:19:09,16,34,0,50
2025-04-30T06:27:09,16,34,0,50
2025-04-30T06:35:07,16,34,0,50
2025-04-30T06:43:06,16,34,0,50
2025-04-30T06:51:05,16,34,0,50
2025-04-30T06:59:03,16,34,0,50
2025-04-30T07:07:02,16,34,0,50
2025-04-30T07:15:00,16,34,0,50
2025-04-30T07:22:59,16,34,0,50
2025-04-30T07:31:00,16,34,0,50
2025-04-30T07:38:59,16,34,0,50
2025-04-30T07:46:57,16,34,0,50
2025-04-30T07:54:55,16,34,0,50
2025-04-30T08:02:53,16,34,0,50
2025-04-30T08:10:51,16,34,0,50
2025-04-30T08:18:49,16,34,0,50
2025-04-30T08:26:47,16,34,0,50
2025-04-30T08:34:45,16,34,0,50
2025-04-30T08:42:43,16,34,0,50
2025-04-30T08:50:41,16,34,0,50
2025-04-30T08:58:39,16,34,0,50
2025-04-30T09:06:46,16,34,0,50
2025-04-30T09:14:45,16,34,0,50
2025-04-30T09:22:43,16,34,0,50
2025-04-30T09:30:41,16,34,0,50
2025-04-30T09:38:38,16,34,0,50
2025-04-30T09:46:36,16,34,0,50
2025-04-30T09:54:34,16,34,0,50
2025-04-30T10:02:32,16,34,0,50
2025-04-30T10:10:30,16,34,0,50
2025-04-30T10:18:28,16,34,0,50
2025-04-30T10:26:25,16,34,0,50
2025-04-30T10:34:23,16,34,0,50
2025-04-30T10:42:21,16,34,0,50
2025-04-30T10:50:18,16,34,0,50
2025-04-30T10:58:16,16,34,0,50
2025-04-30T11:06:14,16,34,0,50
2025-04-30T11:14:12,16,34,0,50
2025-04-30T11:22:09,16,34,0,50
2025-04-30T11:30:07,16,34,0,50
2025-04-30T11:38:16,16,34,0,50
2025-04-30T11:46:14,16,34,0,50
2025-04-30T11:54:11,16,34,0,50
2025-04-30T12:02:12,16,34,0,50
2025-04-30T12:10:12,16,34,0,50
2025-04-30T12:18:11,16,34,0,50
2025-04-30T12:26:12,16,34,0,50
2025-04-30T12:34:12,16,34,0,50
2025-04-30T12:42:12,16,34,0,50
2025-04-30T12:50:12,16,34,0,50
2025-04-30T12:58:12,16,34,0,50
2025-04-30T13:06:12,16,34,0,50
2025-04-30T13:14:13,16,34,0,50
2025-04-30T13:22:23,16,34,0,50
2025-04-30T13:30:23,16,34,0,50
2025-04-30T13:38:23,16,34,0,50
2025-04-30T13:46:22,16,34,0,50
2025-04-30T13:54:23,16,34,0,50
2025-04-30T14:02:23,16,34,0,50
2025-04-30T14:10:24,16,34,0,50
2025-04-30T14:18:23,16,34,0,50
2025-04-30T14:26:24,16,34,0,50
2025-04-30T14:34:24,16,34,0,50
2025-04-30T14:42:24,16,34,0,50
2025-04-30T14:50:24,16,34,0,50
2025-04-30T14:58:23,16,34,0,50
2025-04-30T15:06:23,16,34,0,50
2025-04-30T15:14:24,16,34,0,50
2025-04-30T15:22:23,16,34,0,50
2025-04-30T15:30:33,16,34,0,50
2025-04-30T15:38:33,16,34,0,50
2025-04-30T15:46:32,16,34,0,50
2025-04-30T15:54:33,16,34,0,50
2025-04-30T16:02:32,16,34,0,50
2025-04-30T16:10:32,16,34,0,50
2025-04-30T16:18:32,16,34,0,50
2025-04-30T16:26:32,16,34,0,50
2025-04-30T16:34:32,16,34,0,50
2025-04-30T16:42:31,16,34,0,50
2025-04-30T16:50:32,16,34,0,50
2025-04-30T16:58:31,16,34,0,50
2025-04-30T17:06:31,16,34,0,50
2025-04-30T17:14:41,16,34,0,50
2025-04-30T17:22:41,16,34,0,50
2025-04-30T17:30:40,16,34,0,50
2025-04-30T17:38:40,16,34,0,50
2025-04-30T17:46:40,16,34,0,50
2025-04-30T17:54:40,16,34,0,50
2025-04-30T18:02:40,16,34,0,50
2025-04-30T18:10:39,16,34,0,50
2025-04-30T18:18:39,16,34,0,50
2025-04-30T18:26:39,16,34,0,50
2025-04-30T18:34:39,16,34,0,50
2025-04-30T18:42:38,16,34,0,50
2025-04-30T18:50:38,16,34,0,50
2025-04-30T18:58:38,16,34,0,50
2025-04-30T19:06:38,16,34,0,50
2025-04-30T19:14:48,16,34,0,50
2025-04-30T19:22:48,16,34,0,50
2025-04-30T19:30:47,16,34,0,50
2025-04-30T19:38:47,16,34,0,50
2025-04-30T19:46:51,16,34,0,50
2025-04-30T19:54:51,16,34,0,50
2025-04-30T20:02:50,16,34,0,50
2025-04-30T20:10:50,16,34,0,50
2025-04-30T20:18:50,16,34,0,50
2025-04-30T20:26:50,16,34,0,50
2025-04-30T20:34:50,16,34,0,50
2025-04-30T20:42:50,16,34,0,50
2025-04-30T20:50:49,16,34,0,50
2025-04-30T20:58:49,16,34,0,50
2025-04-30T21:06:49,16,34,0,50
2025-04-30T21:14:49,16,34,0,50
2025-04-30T21:22:49,16,34,0,50
2025-04-30T21:30:48,16,34,0,50
2025-04-30T21:38:48,16,34,0,50
2025-04-30T21:46:48,16,34,0,50
2025-04-30T21:54:48,16,34,0,50
2025-04-30T22:02:59,16,34,0,50
2025-04-30T22:10:59,16,34,0,50
2025-04-30T22:18:58,16,34,0,50
2025-04-30T22:26:59,16,34,0,50
2025-04-30T22:34:59,16,34,0,50
2025-04-30T22:42:59,16,34,0,50
2025-04-30T22:50:59,16,34,0,50
2025-04-30T22:58:59,16,34,0,50
2025-04-30T23:06:59,16,34,0,50
2025-04-30T23:15:00,16,34,0,50
2025-04-30T23:23:01,16,34,0,50
2025-04-30T23:31:02,16,34,0,50
2025-04-30T23:39:03,16,34,0,50
2025-04-30T23:47:03,16,34,0,50
2025-04-30T23:55:03,16,34,0,50
2025-05-01T00:03:09,16,34,0,50
2025-05-01T00:11:17,16,34,0,50
2025-05-01T00:19:27,16,34,0,50
2025-05-01T00:27:37,16,34,0,50
2025-05-01T00:35:49,16,34,0,50
2025-05-01T00:43:57,16,34,0,50
2025-05-01T00:51:58,16,34,0,50
2025-05-01T01:00:00,16,34,0,50
2025-05-01T01:08:01,16,34,0,50
2025-05-01T01:16:10,16,34,0,50
2025-05-01T01:24:10,16,34,0,50
2025-05-01T01:32:11,16,34,0,50
2025-05-01T01:40:11,16,34,0,50
2025-05-01T01:48:15,16,34,0,50
2025-05-01T01:56:15,16,34,0,50
2025-05-01T02:04:16,16,34,0,50
2025-05-01T02:12:16,16,34,0,50
2025-05-01T02:20:16,16,34,0,50
2025-05-01T02:28:16,16,34,0,50
2025-05-01T02:36:17,16,34,0,50
2025-05-01T02:44:18,16,34,0,50
2025-05-01T02:52:19,16,34,0,50
2025-05-01T03:00:20,16,34,0,50
2025-05-01T03:08:40,16,34,0,50
2025-05-01T03:16:41,16,34,0,50
2025-05-01T03:24:42,16,34,0,50
2025-05-01T03:32:42,16,34,0,50
2025-05-01T03:40:41,16,34,0,50
2025-05-01T03:48:42,16,34,0,50
2025-05-01T03:58:35,16,34,0,50
2025-05-01T04:06:56,16,34,0,50
2025-05-01T04:14:57,16,34,0,50
2025-05-01T04:30:51,16,34,0,50
2025-05-01T04:39:14,16,34,0,50
2025-05-01T04:47:14,16,34,0,50
2025-05-01T04:55:15,16,34,0,50
2025-05-01T05:03:15,16,34,0,50
2025-05-01T05:11:15,16,34,0,50
2025-05-01T05:19:16,16,34,0,50
2025-05-01T05:27:16,16,34,0,50
2025-05-01T05:35:16,16,34,0,50
2025-05-01T05:43:17,16,34,0,50
2025-05-01T05:51:18,16,34,0,50
2025-05-01T05:59:19,16,34,0,50
2025-05-01T06:07:19,16,34,0,50
2025-05-01T06:15:21,16,34,0,50
2025-05-01T06:23:22,16,34,0,50
2025-05-01T06:31:23,16,34,0,50
2025-05-01T06:39:24,16,34,0,50
2025-05-01T06:47:26,16,34,0,50
2025-05-01T06:55:27,16,34,0,50
2025-05-01T07:03:29,16,34,0,50
2025-05-01T07:11:32,16,34,0,50
2025-05-01T07:19:32,16,34,0,50
2025-05-01T07:27:34,16,34,0,50
2025-05-01T07:35:34,16,34,0,50
2025-05-01T07:43:34,16,34,0,50
2025-05-01T07:51:34,16,34,0,50
2025-05-01T07:59:34,16,34,0,50
2025-05-01T08:07:35,16,34,0,50
2025-05-01T08:15:35,16,34,0,50
2025-05-01T08:23:35,16,34,0,50
2025-05-01T08:31:36,16,34,0,50
2025-05-01T08:39:35,16,34,0,50
2025-05-01T08:47:36,16,34,0,50
2025-05-01T08:55:36,16,34,0,50
2025-05-01T09:03:36,16,34,0,50
2025-05-01T09:11:36,16,34,0,50
2025-05-01T09:19:36,16,34,0,50
2025-05-01T09:27:37,16,34,0,50
2025-05-01T09:35:50,16,34,0,50
2025-05-01T09:43:50,16,34,0,50
2025-05-01T09:51:50,16,34,0,50
2025-05-01T09:59:50,16,34,0,50
2025-05-01T10:07:50,16,34,0,50
2025-05-01T10:15:50,16,34,0,50
2025-05-01T10:23:50,16,34,0,50
2025-05-01T10:31:50,16,34,0,50
2025-05-01T10:39:50,16,34,0,50
2025-05-01T10:47:50,16,34,0,50
2025-05-01T10:55:50,16,34,0,50
2025-05-01T11:03:50,16,34,0,50
2025-05-01T11:11:50,16,34,0,50
2025-05-01T11:19:50,16,34,0,50
2025-05-01T11:27:50,16,34,0,50
2025-05-01T11:35:50,16,34,0,50
2025-05-01T11:43:52,16,34,0,50
2025-05-01T11:52:10,16,34,0,50
2025-05-01T12:00:10,16,34,0,50
2025-05-01T12:08:10,16,34,0,50
2025-05-01T12:16:10,16,34,0,50
2025-05-01T12:24:09,16,34,0,50
2025-05-01T12:32:09,16,34,0,50
2025-05-01T12:40:09,16,34,0,50
2025-05-01T12:48:09,16,34,0,50
2025-05-01T12:56:09,16,34,0,50
2025-05-01T13:04:09,16,34,0,50
2025-05-01T13:12:09,16,34,0,50
2025-05-01T13:20:09,16,34,0,50
2025-05-01T13:28:09,16,34,0,50
2025-05-01T13:36:09,16,34,0,50
2025-05-01T13:44:08,16,34,0,50
2025-05-01T13:52:08,16,34,0,50
2025-05-01T14:00:08,16,34,0,50
2025-05-01T14:08:20,16,34,0,50
2025-05-01T14:16:20,16,34,0,50
2025-05-01T14:24:20,16,34,0,50
2025-05-01T14:32:19,16,34,0,50
2025-05-01T14:40:19,16,34,0,50
2025-05-01T14:48:19,16,34,0,50
2025-05-01T14:56:19,16,34,0,50
2025-05-01T15:04:19,16,34,0,50
2025-05-01T15:12:19,16,34,0,50
2025-05-01T15:20:19,16,34,0,50
2025-05-01T15:28:19,16,34,0,50
2025-05-01T15:36:19,16,34,0,50
2025-05-01T15:44:19,16,34,0,50
2025-05-01T15:52:36,16,34,0,50
2025-05-01T16:00:36,16,34,0,50
2025-05-01T16:08:38,16,34,0,50
2025-05-01T16:16:37,16,34,0,50
2025-05-01T16:24:37,16,34,0,50
2025-05-01T16:32:38,16,34,0,50
2025-05-01T16:40:39,16,34,0,50
2025-05-01T16:48:39,16,34,0,50
2025-05-01T16:56:40,16,34,0,50
2025-05-01T17:04:41,16,34,0,50
2025-05-01T17:12:42,16,34,0,50
2025-05-01T17:20:43,16,34,0,50
2025-05-01T17:28:44,16,34,0,50
2025-05-01T17:36:55,16,34,0,50
2025-05-01T17:44:56,16,34,0,50
2025-05-01T17:52:57,16,34,0,50
2025-05-01T18:00:57,16,34,0,50
2025-05-01T18:08:58,16,34,0,50
2025-05-01T18:16:59,16,34,0,50
2025-05-01T18:25:00,16,34,0,50
2025-05-01T18:33:00,16,34,0,50
2025-05-01T18:41:01,16,34,0,50
2025-05-01T18:49:02,16,34,0,50
2025-05-01T18:57:03,16,34,0,50
2025-05-01T19:05:04,16,34,0,50
2025-05-01T19:13:12,16,34,0,50
2025-05-01T19:21:12,16,34,0,50
2025-05-01T19:29:28,16,34,0,50
2025-05-01T19:37:52,16,34,0,50
2025-05-01T19:46:03,16,34,0,50
2025-05-01T19:54:17,16,34,0,50
2025-05-01T20:02:25,16,34,0,50
2025-05-01T20:10:25,16,34,0,50
2025-05-01T20:18:26,16,34,0,50
2025-05-01T20:26:27,16,34,0,50
2025-05-01T20:34:28,16,34,0,50
2025-05-01T20:42:29,16,34,0,50
2025-05-01T20:50:29,16,34,0,50
2025-05-01T20:58:30,16,34,0,50
2025-05-01T21:06:31,16,34,0,50
2025-05-01T21:14:32,16,34,0,50
2025-05-01T21:22:33,16,34,0,50
2025-05-01T21:30:43,16,34,0,50
2025-05-01T21:38:43,16,34,0,50
2025-05-01T21:46:44,16,34,0,50
2025-05-01T21:54:45,16,34,0,50
2025-05-01T22:02:45,16,34,0,50
2025-05-01T22:10:46,16,34,0,50
2025-05-01T22:18:47,16,34,0,50
2025-05-01T22:26:48,16,34,0,50
2025-05-01T22:34:50,16,34,0,50
2025-05-01T22:42:51,16,34,0,50
2025-05-01T22:50:53,16,34,0,50
2025-05-01T22:59:04,16,34,0,50
2025-05-01T23:07:06,17,33,0,50
2025-05-01T23:15:07,17,33,0,50
2025-05-01T23:23:08,17,33,0,50
2025-05-01T23:31:11,17,33,0,50
2025-05-01T23:39:13,17,33,0,50
2025-05-01T23:47:14,17,33,0,50
2025-05-01T23:55:19,17,33,0,50
2025-05-02T00:03:20,17,33,0,50
2025-05-02T00:11:21,17,33,0,50
2025-05-02T00:19:24,17,33,0,50
2025-05-02T00:27:26,17,33,0,50
2025-05-02T00:35:29,17,33,0,50
2025-05-02T00:43:32,17,33,0,50
2025-05-02T00:51:34,17,33,0,50
2025-05-02T00:59:37,17,33,0,50
2025-05-02T01:07:40,17,33,0,50
2025-05-02T01:15:43,17,33,0,50
2025-05-02T01:23:44,17,33,0,50
2025-05-02T01:32:00,17,33,0,50
2025-05-02T01:40:02,17,33,0,50
2025-05-02T01:48:04,17,33,0,50
2025-05-02T01:56:07,17,33,0,50
2025-05-02T02:04:09,17,33,0,50
2025-05-02T02:12:11,17,33,0,50
2025-05-02T02:20:13,17,33,0,50
2025-05-02T02:28:21,17,33,0,50
2025-05-02T02:36:23,17,33,0,50
2025-05-02T02:44:24,17,33,0,50
2025-05-02T02:52:25,17,33,0,50
2025-05-02T03:00:27,17,33,0,50
2025-05-02T03:08:28,17,33,0,50
2025-05-02T03:16:30,17,33,0,50
2025-05-02T03:24:31,17,33,0,50
2025-05-02T03:32:32,17,33,0,50
2025-05-02T03:40:34,17,33,0,50
2025-05-02T03:48:35,17,33,0,50
2025-05-02T03:56:37,17,33,0,50
2025-05-02T04:04:38,17,33,0,50
2025-05-02T04:14:42,17,33,0,50
2025-05-02T04:29:53,17,33,0,50
2025-05-02T04:38:16,17,33,0,50
2025-05-02T04:46:36,17,33,0,50
2025-05-02T04:54:39,17,33,0,50
2025-05-02T05:02:41,17,33,0,50
2025-05-02T05:10:42,17,33,0,50
2025-05-02T05:18:44,17,33,0,50
2025-05-02T05:26:45,17,33,0,50
2025-05-02T05:34:47,17,33,0,50
2025-05-02T05:42:48,17,33,0,50
2025-05-02T05:50:50,17,33,0,50
2025-05-02T05:58:52,17,33,0,50
2025-05-02T06:06:55,17,33,0,50
2025-05-02T06:14:57,17,33,0,50
2025-05-02T06:22:59,17,33,0,50
2025-05-02T06:31:01,17,33,0,50
2025-05-02T06:39:03,17,33,0,50
2025-05-02T06:47:05,17,33,0,50
2025-05-02T06:55:06,17,33,0,50
2025-05-02T07:03:12,17,33,0,50
2025-05-02T07:11:13,17,33,0,50
2025-05-02T07:19:15,17,33,0,50
2025-05-02T07:27:16,17,33,0,50
2025-05-02T07:35:18,17,33,0,50
2025-05-02T07:43:19,17,33,0,50
2025-05-02T07:51:23,17,33,0,50
2025-05-02T07:59:24,17,33,0,50
2025-05-02T08:07:25,17,33,0,50
2025-05-02T08:15:26,17,33,0,50
2025-05-02T08:23:27,17,33,0,50
2025-05-02T08:31:28,17,33,0,50
2025-05-02T08:39:37,17,33,0,50
2025-05-02T08:47:39,17,33,0,50
2025-05-02T08:55:40,17,33,0,50
2025-05-02T09:03:40,17,33,0,50
2025-05-02T09:11:42,17,33,0,50
2025-05-02T09:19:42,17,33,0,50
2025-05-02T09:27:44,16,34,0,50
2025-05-02T09:35:45,16,34,0,50
2025-05-02T09:43:47,16,34,0,50
2025-05-02T09:51:48,16,34,0,50
2025-05-02T09:59:49,16,34,0,50
2025-05-02T10:07:51,16,34,0,50
2025-05-02T10:15:53,16,34,0,50
2025-05-02T10:23:54,16,34,0,50
2025-05-02T10:32:18,16,34,0,50
2025-05-02T10:40:19,16,34,0,50
2025-05-02T10:48:21,16,34,0,50
2025-05-02T10:56:22,16,34,0,50
2025-05-02T11:04:23,16,34,0,50
2025-05-02T11:12:24,16,34,0,50
2025-05-02T11:20:25,16,34,0,50
2025-05-02T11:28:26,16,34,0,50
2025-05-02T11:36:27,16,34,0,50
2025-05-02T11:44:28,16,34,0,50
2025-05-02T11:52:30,16,34,0,50
2025-05-02T12:00:32,16,34,0,50
2025-05-02T12:08:43,16,34,0,50
2025-05-02T12:16:49,16,34,0,50
2025-05-02T12:24:51,16,34,0,50
2025-05-02T12:32:51,16,34,0,50
2025-05-02T12:40:52,16,34,0,50
2025-05-02T12:48:54,16,34,0,50
2025-05-02T12:56:55,16,34,0,50
2025-05-02T13:04:57,16,34,0,50
2025-05-02T13:12:58,16,34,0,50
2025-05-02T13:20:59,16,34,0,50
2025-05-02T13:29:09,16,34,0,50
2025-05-02T13:37:10,16,34,0,50
2025-05-02T13:45:11,16,34,0,50
2025-05-02T13:53:12,16,34,0,50
2025-05-02T14:01:13,16,34,0,50
2025-05-02T14:09:14,16,34,0,50
2025-05-02T14:17:15,16,34,0,50
2025-05-02T14:25:16,16,34,0,50
2025-05-02T14:33:17,16,34,0,50
2025-05-02T14:41:17,16,34,0,50
2025-05-02T14:49:27,16,34,0,50
2025-05-02T14:57:27,16,34,0,50
2025-05-02T15:05:28,16,34,0,50
2025-05-02T15:13:29,16,34,0,50
2025-05-02T15:21:30,16,34,0,50
2025-05-02T15:29:32,16,34,0,50
2025-05-02T15:37:32,16,34,0,50
2025-05-02T15:45:34,16,34,0,50
2025-05-02T15:53:34,16,34,0,50
2025-05-02T16:01:35,16,34,0,50
2025-05-02T16:10:00,16,34,0,50
2025-05-02T16:18:01,16,34,0,50
2025-05-02T16:26:02,16,34,0,50
2025-05-02T16:34:03,16,34,0,50
2025-05-02T16:42:04,16,34,0,50
2025-05-02T16:50:05,16,34,0,50
2025-05-02T16:58:06,16,34,0,50
2025-05-02T17:06:07,16,34,0,50
2025-05-02T17:14:08,16,34,0,50
2025-05-02T17:22:10,16,34,0,50
2025-05-02T17:30:11,16,34,0,50
2025-05-02T17:38:12,16,34,0,50
2025-05-02T17:46:22,16,34,0,50
2025-05-02T17:54:23,16,34,0,50
2025-05-02T18:02:24,16,34,0,50
2025-05-02T18:10:25,16,34,0,50
2025-05-02T18:18:26,16,34,0,50
2025-05-02T18:26:27,16,34,0,50
2025-05-02T18:34:28,16,34,0,50
2025-05-02T18:42:29,16,34,0,50
2025-05-02T18:50:30,16,34,0,50
2025-05-02T18:58:31,16,34,0,50
2025-05-02T19:06:32,16,34,0,50
2025-05-02T19:14:33,16,34,0,50
2025-05-02T19:22:34,16,34,0,50
2025-05-02T19:30:35,16,34,0,50
2025-05-02T19:38:35,16,34,0,50
2025-05-02T19:46:36,16,34,0,50
2025-05-02T19:54:37,16,34,0,50
2025-05-02T20:02:38,16,34,0,50
2025-05-02T20:10:39,16,34,0,50
2025-05-02T20:18:40,16,34,0,50
2025-05-02T20:26:41,16,34,0,50
2025-05-02T20:34:51,16,34,0,50
2025-05-02T20:42:52,16,34,0,50
2025-05-02T20:50:52,16,34,0,50
2025-05-02T20:58:53,16,34,0,50
2025-05-02T21:06:54,16,34,0,50
2025-05-02T21:14:55,16,34,0,50
2025-05-02T21:22:56,16,34,0,50
2025-05-02T21:30:56,16,34,0,50
2025-05-02T21:38:57,16,34,0,50
2025-05-02T21:46:58,16,34,0,50
2025-05-02T21:54:59,16,34,0,50
2025-05-02T22:03:00,16,34,0,50
2025-05-02T22:11:01,16,34,0,50
2025-05-02T22:19:02,16,34,0,50
2025-05-02T22:27:03,16,34,0,50
2025-05-02T22:35:04,16,34,0,50
2025-05-02T22:43:05,16,34,0,50
2025-05-02T22:51:06,16,34,0,50
2025-05-02T22:59:08,16,34,0,50
2025-05-02T23:07:09,16,34,0,50
2025-05-02T23:15:10,16,34,0,50
2025-05-02T23:23:12,16,34,0,50
2025-05-02T23:31:13,16,34,0,50
2025-05-02T23:39:23,16,34,0,50
2025-05-02T23:47:24,16,34,0,50
2025-05-02T23:55:25,16,34,0,50
2025-05-03T00:03:28,16,34,0,50
2025-05-03T00:11:36,16,34,0,50
2025-05-03T00:19:49,16,34,0,50
2025-05-03T00:27:53,16,34,0,50
2025-05-03T00:35:55,16,34,0,50
2025-05-03T00:43:57,16,34,0,50
2025-05-03T00:52:00,16,34,0,50
2025-05-03T01:00:03,16,34,0,50
2025-05-03T01:08:06,16,34,0,50
2025-05-03T01:16:08,16,34,0,50
2025-05-03T01:24:11,16,34,0,50
2025-05-03T01:32:14,16,34,0,50
2025-05-03T01:40:16,16,34,0,50
2025-05-03T01:48:21,16,34,0,50
2025-05-03T01:56:23,16,34,0,50
2025-05-03T02:04:26,16,34,0,50
2025-05-03T02:12:28,16,34,0,50
2025-05-03T02:20:29,16,34,0,50
2025-05-03T02:28:32,16,34,0,50
2025-05-03T02:36:44,16,34,0,50
2025-05-03T02:44:47,16,34,0,50
2025-05-03T02:52:49,16,34,0,50
2025-05-03T03:01:15,16,34,0,50
2025-05-03T03:09:17,16,34,0,50
2025-05-03T03:17:20,16,34,0,50
2025-05-03T03:25:22,16,34,0,50
2025-05-03T03:33:24,16,34,0,50
2025-05-03T03:41:26,16,34,0,50
2025-05-03T03:49:27,16,34,0,50
2025-05-03T03:57:29,16,34,0,50
2025-05-03T04:05:31,16,34,0,50
2025-05-03T04:21:15,16,34,0,50
2025-05-03T04:29:35,16,34,0,50
2025-05-03T04:37:42,16,34,0,50
2025-05-03T04:45:43,16,34,0,50
2025-05-03T04:53:45,16,34,0,50
2025-05-03T05:01:48,16,34,0,50
2025-05-03T05:09:51,16,34,0,50
2025-05-03T05:17:52,16,34,0,50
2025-05-03T05:25:55,16,34,0,50
2025-05-03T05:33:58,16,34,0,50
2025-05-03T05:42:00,16,34,0,50
2025-05-03T05:50:02,16,34,0,50
2025-05-03T05:58:03,16,34,0,50
2025-05-03T06:06:05,16,34,0,50
2025-05-03T06:14:07,16,34,0,50
2025-05-03T06:22:09,16,34,0,50
2025-05-03T06:30:11,16,34,0,50
2025-05-03T06:38:13,16,34,0,50
2025-05-03T06:46:14,16,34,0,50
2025-05-03T06:54:16,16,34,0,50
2025-05-03T07:02:21,16,34,0,50
2025-05-03T07:10:24,16,34,0,50
2025-05-03T07:18:25,16,34,0,50
2025-05-03T07:26:28,16,34,0,50
2025-05-03T07:34:30,16,34,0,50
2025-05-03T07:42:45,16,34,0,50
2025-05-03T07:50:46,16,34,0,50
2025-05-03T07:58:46,16,34,0,50
2025-05-03T08:06:47,16,34,0,50
2025-05-03T08:14:49,16,34,0,50
2025-05-03T08:22:51,16,34,0,50
2025-05-03T08:30:52,16,34,0,50
2025-05-03T08:38:54,16,34,0,50
2025-05-03T08:46:55,16,34,0,50
2025-05-03T08:54:55,16,34,0,50
2025-05-03T09:02:57,16,34,0,50
2025-05-03T09:10:58,16,34,0,50
2025-05-03T09:18:58,16,34,0,50
2025-05-03T09:26:59,16,34,0,50
2025-05-03T09:34:59,16,34,0,50
2025-05-03T09:43:00,16,34,0,50
2025-05-03T09:51:02,16,34,0,50
2025-05-03T09:59:03,16,34,0,50
2025-05-03T10:07:04,16,34,0,50
2025-05-03T10:15:04,16,34,0,50
2025-05-03T10:23:05,16,34,0,50
2025-05-03T10:31:07,16,34,0,50
2025-05-03T10:39:08,16,34,0,50
2025-05-03T10:47:09,16,34,0,50
2025-05-03T10:55:16,16,34,0,50
2025-05-03T11:03:17,16,34,0,50
2025-05-03T11:11:18,16,34,0,50
2025-05-03T11:19:19,16,34,0,50
2025-05-03T11:27:20,16,34,0,50
2025-05-03T11:35:21,16,34,0,50
2025-05-03T11:43:22,16,34,0,50
2025-05-03T11:51:22,16,34,0,50
2025-05-03T11:59:23,16,34,0,50
2025-05-03T12:07:24,16,34,0,50
2025-05-03T12:15:25,16,34,0,50
2025-05-03T12:23:26,16,34,0,50
2025-05-03T12:31:27,16,34,0,50
2025-05-03T12:39:28,16,34,0,50
2025-05-03T12:47:28,16,34,0,50
2025-05-03T12:55:29,16,34,0,50
2025-05-03T13:03:30,16,34,0,50
2025-05-03T13:11:31,16,34,0,50
2025-05-03T13:19:43,16,34,0,50
2025-05-03T13:27:44,16,34,0,50
2025-05-03T13:35:45,16,34,0,50
2025-05-03T13:43:45,16,34,0,50
2025-05-03T13:51:46,16,34,0,50
2025-05-03T13:59:47,16,34,0,50
2025-05-03T14:07:48,16,34,0,50
2025-05-03T14:15:49,16,34,0,50
2025-05-03T14:23:50,16,34,0,50
2025-05-03T14:31:50,16,34,0,50
2025-05-03T14:39:51,16,34,0,50
2025-05-03T14:47:52,16,34,0,50
2025-05-03T14:55:53,16,34,0,50
2025-05-03T15:03:54,16,34,0,50
2025-05-03T15:11:55,16,34,0,50
2025-05-03T15:19:56,16,34,0,50
2025-05-03T15:27:57,16,34,0,50
2025-05-03T15:35:58,16,34,0,50
2025-05-03T15:43:59,16,34,0,50
2025-05-03T15:51:59,16,34,0,50
2025-05-03T16:00:00,16,34,0,50
2025-05-03T16:08:01,16,34,0,50
2025-05-03T16:16:02,16,34,0,50
2025-05-03T16:24:03,16,34,0,50
2025-05-03T16:32:04,16,34,0,50
2025-05-03T16:40:05,16,34,0,50
2025-05-03T16:48:05,16,34,0,50
2025-05-03T16:56:14,16,34,0,50
2025-05-03T17:04:15,16,34,0,50
2025-05-03T17:12:17,16,34,0,50
2025-05-03T17:20:18,16,34,0,50
2025-05-03T17:28:19,16,34,0,50
2025-05-03T17:36:20,16,34,0,50
2025-05-03T17:44:21,16,34,0,50
2025-05-03T17:52:22,16,34,0,50
2025-05-03T18:00:22,16,34,0,50
2025-05-03T18:08:25,16,34,0,50
2025-05-03T18:16:28,16,34,0,50
2025-05-03T18:24:29,16,34,0,50
2025-05-03T18:32:30,16,34,0,50
2025-05-03T18:40:31,16,34,0,50
2025-05-03T18:48:32,16,34,0,50
2025-05-03T18:56:32,16,34,0,50
2025-05-03T19:04:33,16,34,0,50
2025-05-03T19:12:35,16,34,0,50
2025-05-03T19:20:36,16,34,0,50
2025-05-03T19:28:36,16,34,0,50
2025-05-03T19:36:37,16,34,0,50
2025-05-03T19:44:38,16,34,0,50
2025-05-03T19:52:39,16,34,0,50
2025-05-03T20:00:40,16,34,0,50
2025-05-03T20:08:40,16,34,0,50
2025-05-03T20:16:41,16,34,0,50
2025-05-03T20:24:51,16,34,0,50
2025-05-03T20:32:52,16,34,0,50
2025-05-03T20:40:53,16,34,0,50
2025-05-03T20:48:54,16,34,0,50
2025-05-03T20:56:55,16,34,0,50
2025-05-03T21:04:56,16,34,0,50
2025-05-03T21:12:57,16,34,0,50
2025-05-03T21:20:58,16,34,0,50
2025-05-03T21:28:58,16,34,0,50
2025-05-03T21:36:59,16,34,0,50
2025-05-03T21:45:00,16,34,0,50
2025-05-03T21:53:01,16,34,0,50
2025-05-03T22:01:01,16,34,0,50
2025-05-03T22:09:02,16,34,0,50
2025-05-03T22:17:03,16,34,0,50
2025-05-03T22:25:04,16,34,0,50
2025-05-03T22:33:05,16,34,0,50
2025-05-03T22:41:06,16,34,0,50
2025-05-03T22:49:07,16,34,0,50
2025-05-03T22:57:08,16,34,0,50
2025-05-03T23:05:10,16,34,0,50
2025-05-03T23:13:11,16,34,0,50
2025-05-03T23:21:12,16,34,0,50
2025-05-03T23:29:13,16,34,0,50
2025-05-03T23:37:14,16,34,0,50
2025-05-03T23:45:15,16,34,0,50
2025-05-03T23:53:16,16,34,0,50
2025-05-04T00:01:18,16,34,0,50
2025-05-04T00:09:19,16,34,0,50
2025-05-04T00:17:37,16,34,0,50
2025-05-04T00:25:39,16,34,0,50
2025-05-04T00:33:40,16,34,0,50
2025-05-04T00:41:42,16,34,0,50
2025-05-04T00:49:45,16,34,0,50
2025-05-04T00:57:47,16,34,0,50
2025-05-04T01:05:49,16,34,0,50
2025-05-04T01:14:14,16,34,0,50
2025-05-04T01:22:31,16,34,0,50
2025-05-04T01:30:34,16,34,0,50
2025-05-04T01:38:36,16,34,0,50
2025-05-04T01:46:38,16,34,0,50
2025-05-04T01:54:40,16,34,0,50
2025-05-04T02:02:41,16,34,0,50
2025-05-04T02:10:44,16,34,0,50
2025-05-04T02:18:48,16,34,0,50
2025-05-04T02:26:50,16,34,0,50
2025-05-04T02:35:01,16,34,0,50
2025-05-04T02:43:03,16,34,0,50
2025-05-04T02:51:05,16,34,0,50
2025-05-04T02:59:07,16,34,0,50
2025-05-04T03:07:08,16,34,0,50
2025-05-04T03:15:11,16,34,0,50
2025-05-04T03:23:13,16,34,0,50
2025-05-04T03:31:14,16,34,0,50
2025-05-04T03:39:16,16,34,0,50
2025-05-04T03:47:27,16,34,0,50
2025-05-04T03:55:29,16,34,0,50
2025-05-04T04:03:30,16,34,0,50
2025-05-04T04:17:39,16,34,0,50
2025-05-04T04:26:49,16,34,0,50
2025-05-04T04:35:33,16,34,0,50
2025-05-04T04:43:35,16,34,0,50
2025-05-04T04:51:38,16,34,0,50
2025-05-04T04:59:40,16,34,0,50
2025-05-04T05:07:44,16,34,0,50
2025-05-04T05:15:47,16,34,0,50
2025-05-04T05:23:50,16,34,0,50
2025-05-04T05:31:51,16,34,0,50
2025-05-04T05:39:53,16,34,0,50
2025-05-04T05:47:55,16,34,0,50
2025-05-04T05:55:57,16,34,0,50
2025-05-04T06:03:58,16,34,0,50
2025-05-04T06:12:01,16,34,0,50
2025-05-04T06:20:03,16,34,0,50
2025-05-04T06:28:05,16,34,0,50
2025-05-04T06:36:07,16,34,0,50
2025-05-04T06:44:09,16,34,0,50
2025-05-04T06:52:11,16,34,0,50
2025-05-04T07:00:13,16,34,0,50
2025-05-04T07:08:15,16,34,0,50
2025-05-04T07:16:17,16,34,0,50
2025-05-04T07:24:19,16,34,0,50
2025-05-04T07:32:21,16,34,0,50
2025-05-04T07:40:24,16,34,0,50
2025-05-04T07:48:25,16,34,0,50
2025-05-04T07:56:26,16,34,0,50
2025-05-04T08:04:27,16,34,0,50
2025-05-04T08:12:30,16,34,0,50
2025-05-04T08:20:30,16,34,0,50
2025-05-04T08:28:34,16,34,0,50
2025-05-04T08:36:36,16,34,0,50
2025-05-04T08:44:37,16,34,0,50
2025-05-04T08:52:38,16,34,0,50
2025-05-04T09:00:39,16,34,0,50
2025-05-04T09:08:40,16,34,0,50
2025-05-04T09:16:41,16,34,0,50
2025-05-04T09:24:42,16,34,0,50
2025-05-04T09:32:43,16,34,0,50
2025-05-04T09:40:44,16,34,0,50
2025-05-04T09:48:53,16,34,0,50
2025-05-04T09:56:53,16,34,0,50
2025-05-04T10:04:54,16,34,0,50
2025-05-04T10:12:55,16,34,0,50
2025-05-04T10:20:56,16,34,0,50
2025-05-04T10:28:57,16,34,0,50
2025-05-04T10:36:58,16,34,0,50
2025-05-04T10:44:59,16,34,0,50
2025-05-04T10:53:00,16,34,0,50
2025-05-04T11:01:02,16,34,0,50
2025-05-04T11:09:03,16,34,0,50
2025-05-04T11:17:04,16,34,0,50
2025-05-04T11:25:04,16,34,0,50
2025-05-04T11:33:05,16,34,0,50
2025-05-04T11:41:06,16,34,0,50
2025-05-04T11:49:07,16,34,0,50
2025-05-04T11:57:16,16,34,0,50
2025-05-04T12:05:17,16,34,0,50
2025-05-04T12:13:17,16,34,0,50
2025-05-04T12:21:18,16,34,0,50
2025-05-04T12:29:19,16,34,0,50
2025-05-04T12:37:20,16,34,0,50
2025-05-04T12:45:20,16,34,0,50
2025-05-04T12:53:21,16,34,0,50
2025-05-04T13:01:22,16,34,0,50
2025-05-04T13:09:23,16,34,0,50
2025-05-04T13:17:24,16,34,0,50
2025-05-04T13:25:25,16,34,0,50
2025-05-04T13:33:25,16,34,0,50
2025-05-04T13:41:28,16,34,0,50
2025-05-04T13:49:29,16,34,0,50
2025-05-04T13:57:30,16,34,0,50
2025-05-04T14:05:31,16,34,0,50
2025-05-04T14:13:41,16,34,0,50
2025-05-04T14:21:43,16,34,0,50
2025-05-04T14:29:45,16,34,0,50
2025-05-04T14:37:46,16,34,0,50
2025-05-04T14:45:48,16,34,0,50
2025-05-04T14:53:49,16,34,0,50
2025-05-04T15:01:50,16,34,0,50
2025-05-04T15:09:51,16,34,0,50
2025-05-04T15:17:52,16,34,0,50
2025-05-04T15:25:54,16,34,0,50
2025-05-04T15:33:55,16,34,0,50
2025-05-04T15:41:56,16,34,0,50
2025-05-04T15:49:57,16,34,0,50
2025-05-04T15:57:58,16,34,0,50
2025-05-04T16:05:59,16,34,0,50
2025-05-04T16:14:00,16,34,0,50
2025-05-04T16:22:02,16,34,0,50
2025-05-04T16:30:03,16,34,0,50
2025-05-04T16:38:12,16,34,0,50
2025-05-04T16:46:13,16,34,0,50
2025-05-04T16:54:14,16,34,0,50
2025-05-04T17:02:15,16,34,0,50
2025-05-04T17:10:16,16,34,0,50
2025-05-04T17:18:17,16,34,0,50
2025-05-04T17:26:18,16,34,0,50
2025-05-04T17:34:19,16,34,0,50
2025-05-04T17:42:21,16,34,0,50
2025-05-04T17:50:22,16,34,0,50
2025-05-04T17:58:23,16,34,0,50
2025-05-04T18:06:25,16,34,0,50
2025-05-04T18:14:26,16,34,0,50
2025-05-04T18:22:27,16,34,0,50
2025-05-04T18:30:28,16,34,0,50
2025-05-04T18:38:38,16,34,0,50
2025-05-04T18:46:39,16,34,0,50
2025-05-04T18:54:40,16,34,0,50
2025-05-04T19:02:41,16,34,0,50
2025-05-04T19:10:41,16,34,0,50
2025-05-04T19:18:42,16,34,0,50
2025-05-04T19:26:43,16,34,0,50
2025-05-04T19:34:44,16,34,0,50
2025-05-04T19:42:45,16,34,0,50
2025-05-04T19:50:46,16,34,0,50
2025-05-04T19:58:47,16,34,0,50
2025-05-04T20:06:48,16,34,0,50
2025-05-04T20:14:49,16,34,0,50
2025-05-04T20:22:50,16,34,0,50
2025-05-04T20:30:50,16,34,0,50
2025-05-04T20:38:51,16,34,0,50
2025-05-04T20:46:52,16,34,0,50
2025-05-04T20:54:53,16,34,0,50
2025-05-04T21:02:54,16,34,0,50
2025-05-04T21:10:55,16,34,0,50
2025-05-04T21:19:05,16,34,0,50
2025-05-04T21:27:06,16,34,0,50
2025-05-04T21:35:07,16,34,0,50
2025-05-04T21:43:08,16,34,0,50
2025-05-04T21:51:09,16,34,0,50
2025-05-04T21:59:09,16,34,0,50
2025-05-04T22:07:10,16,34,0,50
2025-05-04T22:15:11,16,34,0,50
2025-05-04T22:23:12,16,34,0,50
2025-05-04T22:31:13,16,34,0,50
2025-05-04T22:39:15,16,34,0,50
2025-05-04T22:47:16,16,34,0,50
2025-05-04T22:55:19,16,34,0,50
2025-05-04T23:03:21,16,34,0,50
2025-05-04T23:11:22,16,34,0,50
2025-05-04T23:19:24,16,34,0,50
2025-05-04T23:27:25,16,34,0,50
2025-05-04T23:35:26,16,34,0,50
2025-05-04T23:43:27,16,34,0,50
2025-05-04T23:51:36,16,34,0,50
2025-05-04T23:59:37,16,34,0,50
2025-05-05T00:07:53,16,34,0,50
2025-05-05T00:15:56,16,34,0,50
2025-05-05T00:23:58,16,34,0,50
2025-05-05T00:32:00,16,34,0,50
2025-05-05T00:40:02,16,34,0,50
2025-05-05T00:48:05,16,34,0,50
2025-05-05T00:56:08,16,34,0,50
2025-05-05T01:04:10,16,34,0,50
2025-05-05T01:12:12,16,34,0,50
2025-05-05T01:20:15,16,34,0,50
2025-05-05T01:28:16,16,34,0,50
2025-05-05T01:36:18,16,34,0,50
2025-05-05T01:44:20,16,34,0,50
2025-05-05T01:52:22,16,34,0,50
2025-05-05T02:00:23,16,34,0,50
2025-05-05T02:08:57,16,34,0,50
2025-05-05T02:17:00,16,34,0,50
2025-05-05T02:25:02,16,34,0,50
2025-05-05T02:33:04,16,34,0,50
2025-05-05T02:41:05,16,34,0,50
2025-05-05T02:49:07,16,34,0,50
2025-05-05T02:57:09,16,34,0,50
2025-05-05T03:05:11,16,34,0,50
2025-05-05T03:13:12,16,34,0,50
2025-05-05T03:21:13,16,34,0,50
2025-05-05T03:29:14,16,34,0,50
2025-05-05T03:37:15,16,34,0,50
2025-05-05T03:45:16,16,34,0,50
2025-05-05T03:53:17,16,34,0,50
2025-05-05T04:01:18,16,34,0,50
2025-05-05T04:20:26,16,34,0,50
2025-05-05T04:28:51,16,34,0,50
2025-05-05T04:36:52,16,34,0,50
2025-05-05T04:44:54,16,34,0,50
2025-05-05T04:52:55,16,34,0,50
2025-05-05T05:00:57,16,34,0,50
2025-05-05T05:08:59,16,34,0,50
2025-05-05T05:17:02,16,34,0,50
2025-05-05T05:25:03,16,34,0,50
2025-05-05T05:33:05,16,34,0,50
2025-05-05T05:41:07,16,34,0,50
2025-05-05T05:49:09,16,34,0,50
2025-05-05T05:57:11,16,34,0,50
2025-05-05T06:05:13,16,34,0,50
2025-05-05T06:13:16,16,34,0,50
2025-05-05T06:21:18,16,34,0,50
2025-05-05T06:29:21,16,34,0,50
2025-05-05T06:37:22,16,34,0,50
2025-05-05T06:45:24,16,34,0,50
2025-05-05T06:53:26,16,34,0,50
2025-05-05T07:01:28,16,34,0,50
2025-05-05T07:09:29,16,34,0,50
2025-05-05T07:17:30,16,34,0,50
2025-05-05T07:25:34,16,34,0,50
2025-05-05T07:33:37,16,34,0,50
2025-05-05T07:41:41,16,34,0,50
2025-05-05T07:49:42,16,34,0,50
2025-05-05T07:57:43,16,34,0,50
2025-05-05T08:05:44,16,34,0,50
2025-05-05T08:13:45,16,34,0,50
2025-05-05T08:21:45,16,34,0,50
2025-05-05T08:29:47,16,34,0,50
2025-05-05T08:37:48,16,34,0,50
2025-05-05T08:45:48,16,34,0,50
2025-05-05T08:53:59,16,34,0,50
2025-05-05T09:02:00,16,34,0,50
2025-05-05T09:10:01,16,34,0,50
2025-05-05T09:18:01,16,34,0,50
2025-05-05T09:26:02,16,34,0,50
2025-05-05T09:34:04,16,34,0,50
2025-05-05T09:42:05,16,34,0,50
2025-05-05T09:50:06,16,34,0,50
2025-05-05T09:58:06,16,34,0,50
2025-05-05T10:06:07,16,34,0,50
2025-05-05T10:14:08,16,34,0,50
2025-05-05T10:22:10,16,34,0,50
2025-05-05T10:30:11,16,34,0,50
2025-05-05T10:38:12,16,34,0,50
2025-05-05T10:46:12,16,34,0,50
2025-05-05T10:54:13,16,34,0,50
2025-05-05T11:02:14,16,34,0,50
2025-05-05T11:10:15,16,34,0,50
2025-05-05T11:18:16,16,34,0,50
2025-05-05T11:26:30,16,34,0,50
2025-05-05T11:34:30,16,34,0,50
2025-05-05T11:42:31,16,34,0,50
2025-05-05T11:50:32,16,34,0,50
2025-05-05T11:58:33,16,34,0,50
2025-05-05T12:06:34,16,34,0,50
2025-05-05T12:14:34,16,34,0,50
2025-05-05T12:22:37,16,34,0,50
2025-05-05T12:30:38,16,34,0,50
2025-05-05T12:38:38,16,34,0,50
2025-05-05T12:46:39,16,34,0,50
2025-05-05T12:54:40,16,34,0,50
2025-05-05T13:02:51,16,34,0,50
2025-05-05T13:10:51,16,34,0,50
2025-05-05T13:18:52,16,34,0,50
2025-05-05T13:26:53,16,34,0,50
2025-05-05T13:34:53,16,34,0,50
2025-05-05T13:42:54,16,34,0,50
2025-05-05T13:50:55,16,34,0,50
2025-05-05T13:58:56,16,34,0,50
2025-05-05T14:06:57,16,34,0,50
2025-05-05T14:14:57,16,34,0,50
2025-05-05T14:22:58,16,34,0,50
2025-05-05T14:30:59,16,34,0,50
2025-05-05T14:38:59,16,34,0,50
2025-05-05T14:47:00,16,34,0,50
2025-05-05T14:55:01,16,34,0,50
2025-05-05T15:03:01,16,34,0,50
2025-05-05T15:11:13,16,34,0,50
2025-05-05T15:19:13,16,34,0,50
2025-05-05T15:27:14,16,34,0,50
2025-05-05T15:35:15,16,34,0,50
2025-05-05T15:43:16,16,34,0,50
2025-05-05T15:51:16,16,34,0,50
2025-05-05T15:59:17,16,34,0,50
2025-05-05T16:07:18,16,34,0,50
2025-05-05T16:15:19,16,34,0,50
2025-05-05T16:23:19,16,34,0,50
2025-05-05T16:31:22,16,34,0,50
2025-05-05T16:39:32,16,34,0,50
2025-05-05T16:47:33,16,34,0,50
2025-05-05T16:55:34,16,34,0,50
2025-05-05T17:03:35,16,34,0,50
2025-05-05T17:11:36,16,34,0,50
2025-05-05T17:19:37,16,34,0,50
2025-05-05T17:27:38,16,34,0,50
2025-05-05T17:35:39,16,34,0,50
2025-05-05T17:43:40,16,34,0,50
2025-05-05T17:51:41,16,34,0,50
2025-05-05T17:59:43,16,34,0,50
2025-05-05T18:07:46,16,34,0,50
2025-05-05T18:15:47,16,34,0,50
2025-05-05T18:23:48,16,34,0,50
2025-05-05T18:31:49,16,34,0,50
2025-05-05T18:39:49,16,34,0,50
2025-05-05T18:48:01,16,34,0,50
2025-05-05T18:56:02,16,34,0,50
2025-05-05T19:04:02,16,34,0,50
2025-05-05T19:12:03,16,34,0,50
2025-05-05T19:20:04,16,34,0,50
2025-05-05T19:28:05,16,34,0,50
2025-05-05T19:36:06,16,34,0,50
2025-05-05T19:44:06,16,34,0,50
2025-05-05T19:52:07,16,34,0,50
2025-05-05T20:00:08,16,34,0,50
2025-05-05T20:08:09,16,34,0,50
2025-05-05T20:16:10,16,34,0,50
2025-05-05T20:24:10,16,34,0,50
2025-05-05T20:32:11,16,34,0,50
2025-05-05T20:40:11,16,34,0,50
2025-05-05T20:48:12,16,34,0,50
2025-05-05T20:56:13,16,34,0,50
2025-05-05T21:04:13,16,34,0,50
2025-05-05T21:12:14,16,34,0,50
2025-05-05T21:20:26,16,34,0,50
2025-05-05T21:28:27,16,34,0,50
2025-05-05T21:36:27,16,34,0,50
2025-05-05T21:44:28,16,34,0,50
2025-05-05T21:52:29,16,34,0,50
2025-05-05T22:00:30,16,34,0,50
2025-05-05T22:08:32,16,34,0,50
2025-05-05T22:16:32,16,34,0,50
2025-05-05T22:24:33,16,34,0,50
2025-05-05T22:32:34,16,34,0,50
2025-05-05T22:40:36,16,34,0,50
2025-05-05T22:48:37,16,34,0,50
2025-05-05T22:56:39,16,34,0,50
2025-05-05T23:04:41,16,34,0,50
2025-05-05T23:12:42,16,34,0,50
2025-05-05T23:20:42,16,34,0,50
2025-05-05T23:28:44,16,34,0,50
2025-05-05T23:36:45,16,34,0,50
2025-05-05T23:44:46,16,34,0,50
2025-05-05T23:52:47,16,34,0,50
2025-05-06T00:00:52,16,34,0,50
2025-05-06T00:09:21,16,34,0,50
2025-05-06T00:17:41,16,34,0,50
2025-05-06T00:25:58,16,34,0,50
2025-05-06T00:34:12,16,34,0,50
2025-05-06T00:42:28,16,34,0,50
2025-05-06T00:50:31,16,34,0,50
2025-05-06T00:58:33,16,34,0,50
2025-05-06T01:06:35,16,34,0,50
2025-05-06T01:14:37,16,34,0,50
2025-05-06T01:22:38,16,34,0,50
2025-05-06T01:30:40,16,34,0,50
2025-05-06T01:38:42,16,34,0,50
2025-05-06T01:46:44,16,34,0,50
2025-05-06T01:54:45,16,34,0,50
2025-05-06T02:02:47,16,34,0,50
2025-05-06T02:10:48,16,34,0,50
2025-05-06T02:18:50,16,34,0,50
2025-05-06T02:26:51,16,34,0,50
2025-05-06T02:34:52,16,34,0,50
2025-05-06T02:42:54,16,34,0,50
2025-05-06T02:50:56,16,34,0,50
2025-05-06T02:59:04,16,34,0,50
2025-05-06T03:07:14,16,34,0,50
2025-05-06T03:15:16,16,34,0,50
2025-05-06T03:23:18,16,34,0,50
2025-05-06T03:31:19,16,34,0,50
2025-05-06T03:39:30,16,34,0,50
2025-05-06T03:47:31,16,34,0,50
2025-05-06T03:55:33,16,34,0,50
2025-05-06T04:03:35,16,34,0,50
2025-05-06T04:18:19,16,34,0,50
2025-05-06T04:26:21,16,34,0,50
2025-05-06T04:35:43,16,34,0,50
2025-05-06T04:44:02,16,34,0,50
2025-05-06T04:52:04,16,34,0,50
2025-05-06T05:00:05,16,34,0,50
2025-05-06T05:08:07,16,34,0,50
2025-05-06T05:16:08,16,34,0,50
2025-05-06T05:24:10,16,34,0,50
2025-05-06T05:32:13,16,34,0,50
2025-05-06T05:40:16,16,34,0,50
2025-05-06T05:48:19,16,34,0,50
2025-05-06T05:56:21,16,34,0,50
2025-05-06T06:04:23,16,34,0,50
2025-05-06T06:12:24,16,34,0,50
2025-05-06T06:20:26,16,34,0,50
2025-05-06T06:28:27,16,34,0,50
2025-05-06T06:36:29,16,34,0,50
2025-05-06T06:44:33,16,34,0,50
2025-05-06T06:52:35,16,34,0,50
2025-05-06T07:00:37,16,34,0,50
2025-05-06T07:08:38,16,34,0,50
2025-05-06T07:16:40,16,34,0,50
2025-05-06T07:24:41,16,34,0,50
2025-05-06T07:32:42,16,34,0,50
2025-05-06T07:40:43,16,34,0,50
2025-05-06T07:48:44,16,34,0,50
2025-05-06T07:56:45,16,34,0,50
2025-05-06T08:04:46,16,34,0,50
2025-05-06T08:12:47,16,34,0,50
2025-05-06T08:20:50,16,34,0,50
2025-05-06T08:28:52,16,34,0,50
2025-05-06T08:36:54,16,34,0,50
2025-05-06T08:45:12,16,34,0,50
2025-05-06T08:53:14,16,34,0,50
2025-05-06T09:01:16,16,34,0,50
2025-05-06T09:09:17,16,34,0,50
2025-05-06T09:17:19,16,34,0,50
2025-05-06T09:25:21,16,34,0,50
2025-05-06T09:33:23,16,34,0,50
2025-05-06T09:41:24,16,34,0,50
2025-05-06T09:49:26,16,34,0,50
2025-05-06T09:57:30,16,34,0,50
2025-05-06T10:05:33,16,34,0,50
2025-05-06T10:13:35,16,34,0,50
2025-05-06T10:21:36,16,34,0,50
2025-05-06T10:29:50,16,34,0,50
2025-05-06T10:37:52,16,34,0,50
2025-05-06T10:45:54,16,34,0,50
2025-05-06T10:53:57,16,34,0,50
2025-05-06T11:01:59,16,34,0,50
2025-05-06T11:10:01,16,34,0,50
2025-05-06T11:18:03,16,34,0,50
2025-05-06T11:26:05,16,34,0,50
2025-05-06T11:34:07,16,34,0,50
2025-05-06T11:42:10,16,34,0,50
2025-05-06T11:50:14,16,34,0,50
2025-05-06T11:58:17,16,34,0,50
2025-05-06T12:06:21,16,34,0,50
2025-05-06T12:14:43,16,34,0,50
2025-05-06T12:22:45,16,34,0,50
2025-05-06T12:30:48,16,34,0,50
2025-05-06T12:38:50,16,34,0,50
2025-05-06T12:46:51,16,34,0,50
2025-05-06T12:54:53,16,34,0,50
2025-05-06T13:02:56,16,34,0,50
2025-05-06T13:10:57,16,34,0,50
2025-05-06T13:18:59,16,34,0,50
2025-05-06T13:27:01,16,34,0,50
2025-05-06T13:35:02,16,34,0,50
2025-05-06T13:43:15,16,34,0,50
2025-05-06T14:23:46,16,34,0,50
2025-05-06T14:32:16,16,34,0,50
2025-05-06T14:40:18,16,34,0,50
2025-05-06T14:48:20,16,34,0,50
2025-05-06T14:56:22,16,34,0,50
2025-05-06T15:04:26,16,34,0,50
2025-05-06T15:12:29,16,34,0,50
2025-05-06T15:20:31,16,34,0,50
2025-05-06T15:28:34,16,34,0,50
2025-05-06T15:36:36,16,34,0,50
2025-05-06T15:44:38,16,34,0,50
2025-05-06T15:52:50,16,34,0,50
2025-05-06T16:00:52,16,34,0,50
2025-05-06T16:08:54,16,34,0,50
2025-05-06T16:16:56,16,34,0,50
2025-05-06T16:24:58,16,34,0,50
2025-05-06T16:33:00,16,34,0,50
2025-05-06T16:41:01,16,34,0,50
2025-05-06T16:49:03,16,34,0,50
2025-05-06T16:57:06,16,34,0,50
2025-05-06T17:05:09,16,34,0,50
2025-05-06T17:13:12,16,34,0,50
2025-05-06T17:21:15,16,34,0,50
2025-05-06T17:29:18,16,34,0,50
2025-05-06T17:37:21,16,34,0,50
2025-05-06T17:45:35,16,34,0,50
2025-05-06T17:53:38,16,34,0,50
2025-05-06T18:01:42,16,34,0,50
2025-05-06T18:09:46,16,34,0,50
2025-05-06T18:17:50,16,34,0,50
2025-05-06T18:25:53,16,34,0,50
2025-05-06T18:33:56,16,34,0,50
2025-05-06T18:41:59,16,34,0,50
2025-05-06T18:50:01,16,34,0,50
2025-05-06T18:58:05,16,34,0,50
2025-05-06T19:06:08,16,34,0,50
2025-05-06T19:14:11,16,34,0,50
2025-05-06T19:22:14,16,34,0,50
2025-05-06T19:30:17,16,34,0,50
2025-05-06T19:38:20,16,34,0,50
2025-05-06T19:46:23,16,34,0,50
2025-05-06T19:54:26,16,34,0,50
2025-05-06T20:02:40,16,34,0,50
2025-05-06T20:10:43,16,34,0,50
2025-05-06T20:18:46,16,34,0,50
2025-05-06T20:26:49,16,34,0,50
2025-05-06T20:34:52,16,34,0,50
2025-05-06T20:42:55,16,34,0,50
2025-05-06T20:50:58,16,34,0,50
2025-05-06T20:59:01,16,34,0,50
2025-05-06T21:07:03,16,34,0,50
2025-05-06T21:15:06,16,34,0,50
2025-05-06T21:23:09,16,34,0,50
2025-05-06T21:31:13,16,34,0,50
2025-05-06T21:39:16,16,34,0,50
2025-05-06T21:47:19,16,34,0,50
2025-05-06T21:55:21,16,34,0,50
2025-05-06T22:03:25,16,34,0,50
2025-05-06T22:11:28,16,34,0,50
2025-05-06T22:19:32,16,34,0,50
2025-05-06T22:27:34,16,34,0,50
2025-05-06T22:35:38,16,34,0,50
2025-05-06T22:43:41,16,34,0,50
2025-05-06T22:51:55,16,34,0,50
2025-05-06T22:59:58,16,34,0,50
2025-05-06T23:08:02,16,34,0,50
2025-05-06T23:16:05,16,34,0,50
2025-05-06T23:24:09,16,34,0,50
2025-05-06T23:32:12,16,34,0,50
2025-05-06T23:40:15,16,34,0,50
2025-05-06T23:48:18,16,34,0,50
2025-05-06T23:56:22,16,34,0,50
2025-05-07T00:04:28,16,34,0,50
2025-05-07T00:12:33,16,34,0,50
2025-05-07T00:20:38,16,34,0,50
2025-05-07T00:28:42,16,34,0,50
2025-05-07T00:36:47,16,34,0,50
2025-05-07T00:44:51,16,34,0,50
2025-05-07T00:52:55,16,34,0,50
2025-05-07T01:01:01,16,34,0,50
2025-05-07T01:09:05,16,34,0,50
2025-05-07T01:17:09,16,34,0,50
2025-05-07T01:25:13,16,34,0,50
2025-05-07T01:33:17,16,34,0,50
2025-05-07T01:41:21,16,34,0,50
2025-05-07T01:49:25,16,34,0,50
2025-05-07T01:57:29,16,34,0,50
2025-05-07T02:05:33,16,34,0,50
2025-05-07T02:13:36,16,34,0,50
2025-05-07T02:21:40,16,34,0,50
2025-05-07T02:29:44,16,34,0,50
2025-05-07T02:37:48,16,34,0,50
2025-05-07T02:46:02,16,34,0,50
2025-05-07T02:54:05,16,34,0,50
2025-05-07T03:02:08,16,34,0,50
2025-05-07T03:10:11,16,34,0,50
2025-05-07T03:18:14,16,34,0,50
2025-05-07T03:26:18,16,34,0,50
2025-05-07T03:34:22,16,34,0,50
2025-05-07T03:42:26,16,34,0,50
2025-05-07T03:50:32,16,34,0,50
2025-05-07T03:58:36,16,34,0,50
2025-05-07T04:06:40,16,34,0,50
2025-05-07T04:14:45,16,34,0,50
2025-05-07T04:28:12,16,34,0,50
2025-05-07T04:36:34,16,34,0,50
2025-05-07T04:44:40,16,34,0,50
2025-05-07T04:52:45,16,34,0,50
2025-05-07T05:00:58,16,34,0,50
2025-05-07T05:09:03,16,34,0,50
2025-05-07T05:17:07,16,34,0,50
2025-05-07T05:25:11,16,34,0,50
2025-05-07T05:33:14,16,34,0,50
2025-05-07T05:41:18,16,34,0,50
2025-05-07T05:49:22,16,34,0,50
2025-05-07T05:57:26,16,34,0,50
2025-05-07T06:05:29,16,34,0,50
2025-05-07T06:13:34,16,34,0,50
2025-05-07T06:21:38,16,34,0,50
2025-05-07T06:29:42,16,34,0,50
2025-05-07T06:37:48,16,34,0,50
2025-05-07T06:45:52,16,34,0,50
2025-05-07T06:53:56,16,34,0,50
2025-05-07T07:01:59,16,34,0,50
2025-05-07T07:10:03,16,34,0,50
2025-05-07T07:18:06,16,34,0,50
2025-05-07T07:26:10,16,34,0,50
2025-05-07T07:34:14,16,34,0,50
2025-05-07T07:42:18,16,34,0,50
2025-05-07T07:50:21,16,34,0,50
2025-05-07T07:58:25,16,34,0,50
2025-05-07T08:06:29,16,34,0,50
2025-05-07T08:14:32,16,34,0,50
2025-05-07T08:22:49,16,34,0,50
2025-05-07T08:30:53,16,34,0,50
2025-05-07T08:38:56,16,34,0,50
2025-05-07T08:47:00,16,34,0,50
2025-05-07T08:55:04,16,34,0,50
2025-05-07T09:03:08,16,34,0,50
2025-05-07T09:11:11,16,34,0,50
2025-05-07T09:19:15,16,34,0,50
2025-05-07T09:27:19,16,34,0,50
2025-05-07T09:35:22,16,34,0,50
2025-05-07T09:43:26,16,34,0,50
2025-05-07T09:51:29,16,34,0,50
2025-05-07T09:59:33,16,34,0,50
2025-05-07T10:07:36,16,34,0,50
2025-05-07T10:15:40,16,34,0,50
2025-05-07T10:23:43,16,34,0,50
2025-05-07T10:31:46,16,34,0,50
2025-05-07T10:39:50,16,34,0,50
2025-05-07T10:47:53,16,34,0,50
2025-05-07T10:55:57,16,34,0,50
2025-05-07T11:04:00,16,34,0,50
2025-05-07T11:12:03,16,34,0,50
2025-05-07T11:20:17,16,34,0,50
2025-05-07T11:28:21,16,34,0,50
2025-05-07T11:36:24,16,34,0,50
2025-05-07T11:44:27,16,34,0,50
2025-05-07T11:52:31,16,34,0,50
2025-05-07T12:00:34,16,34,0,50
2025-05-07T12:08:38,16,34,0,50
2025-05-07T12:16:41,16,34,0,50
2025-05-07T12:24:45,16,34,0,50
2025-05-07T12:32:48,16,34,0,50
2025-05-07T12:40:51,16,34,0,50
2025-05-07T12:48:54,16,34,0,50
2025-05-07T12:57:07,16,34,0,50
2025-05-07T13:05:09,16,34,0,50
2025-05-07T13:13:12,16,34,0,50
2025-05-07T13:21:15,16,34,0,50
2025-05-07T13:29:18,16,34,0,50
2025-05-07T13:37:21,16,34,0,50
2025-05-07T13:45:24,16,34,0,50
2025-05-07T13:53:27,16,34,0,50
2025-05-07T14:01:30,16,34,0,50
2025-05-07T14:09:33,16,34,0,50
2025-05-07T14:17:36,16,34,0,50
2025-05-07T14:25:38,16,34,0,50
2025-05-07T14:33:41,16,34,0,50
2025-05-07T14:41:45,16,34,0,50
2025-05-07T14:49:48,16,34,0,50
2025-05-07T14:57:51,16,34,0,50
2025-05-07T15:06:05,16,34,0,50
2025-05-07T15:14:08,16,34,0,50
2025-05-07T15:22:11,16,34,0,50
2025-05-07T15:30:15,16,34,0,50
2025-05-07T15:38:18,16,34,0,50
2025-05-07T15:46:21,16,34,0,50
2025-05-07T15:54:24,16,34,0,50
2025-05-07T16:02:27,16,34,0,50
2025-05-07T16:10:30,16,34,0,50
2025-05-07T16:18:34,16,34,0,50
2025-05-07T16:26:37,16,34,0,50
2025-05-07T16:34:40,16,34,0,50
2025-05-07T16:42:43,16,34,0,50
2025-05-07T16:50:58,16,34,0,50
2025-05-07T16:59:01,16,34,0,50
2025-05-07T17:07:04,16,34,0,50
2025-05-07T17:15:07,16,34,0,50
2025-05-07T17:23:10,16,34,0,50
2025-05-07T17:31:13,16,34,0,50
2025-05-07T17:39:16,16,34,0,50
2025-05-07T17:47:19,16,34,0,50
2025-05-07T17:55:22,16,34,0,50
2025-05-07T18:03:25,16,34,0,50
2025-05-07T18:11:28,16,34,0,50
2025-05-07T18:19:31,16,34,0,50
2025-05-07T18:27:34,16,34,0,50
2025-05-07T18:35:37,16,34,0,50
2025-05-07T18:43:40,16,34,0,50
2025-05-07T18:51:43,16,34,0,50
2025-05-07T18:59:46,16,34,0,50
2025-05-07T19:07:49,16,34,0,50
2025-05-07T19:15:52,16,34,0,50
2025-05-07T19:23:55,16,34,0,50
2025-05-07T19:32:09,16,34,0,50
2025-05-07T19:40:12,16,34,0,50
2025-05-07T19:48:15,16,34,0,50
2025-05-07T19:56:18,16,34,0,50
2025-05-07T20:04:21,16,34,0,50
2025-05-07T20:12:24,16,34,0,50
2025-05-07T20:20:27,16,34,0,50
2025-05-07T20:28:30,16,34,0,50
2025-05-07T20:36:33,16,34,0,50
2025-05-07T20:44:36,16,34,0,50
2025-05-07T20:52:39,16,34,0,50
2025-05-07T21:00:42,16,34,0,50
2025-05-07T21:08:45,16,34,0,50
2025-05-07T21:16:49,16,34,0,50
2025-05-07T21:24:52,16,34,0,50
2025-05-07T21:32:55,16,34,0,50
2025-05-07T21:40:58,16,34,0,50
2025-05-07T21:49:01,16,34,0,50
2025-05-07T21:57:04,16,34,0,50
2025-05-07T22:05:07,16,34,0,50
2025-05-07T22:13:20,16,34,0,50
2025-05-07T22:21:24,16,34,0,50
2025-05-07T22:29:26,16,34,0,50
2025-05-07T22:37:31,16,34,0,50
2025-05-07T22:45:34,16,34,0,50
2025-05-07T22:53:37,16,34,0,50
2025-05-07T23:01:41,16,34,0,50
2025-05-07T23:09:44,16,34,0,50
2025-05-07T23:17:47,16,34,0,50
2025-05-07T23:25:50,16,34,0,50
2025-05-07T23:33:53,16,34,0,50
2025-05-07T23:41:56,16,34,0,50
2025-05-07T23:49:59,16,34,0,50
2025-05-07T23:58:02,16,34,0,50
2025-05-08T00:06:06,16,34,0,50
2025-05-08T00:14:11,16,34,0,50
2025-05-08T00:22:16,16,34,0,50
2025-05-08T00:30:20,16,34,0,50
2025-05-08T00:38:25,16,34,0,50
2025-05-08T00:46:30,16,34,0,50
2025-05-08T00:54:34,16,34,0,50
2025-05-08T01:02:39,16,34,0,50
2025-05-08T01:10:44,16,34,0,50
2025-05-08T01:18:48,16,34,0,50
2025-05-08T01:26:54,16,34,0,50
2025-05-08T01:34:58,16,34,0,50
2025-05-08T01:43:02,16,34,0,50
2025-05-08T01:51:16,16,34,0,50
2025-05-08T01:59:20,16,34,0,50
2025-05-08T02:07:24,16,34,0,50
2025-05-08T02:15:28,16,34,0,50
2025-05-08T02:23:31,16,34,0,50
2025-05-08T02:31:39,16,34,0,50
2025-05-08T02:39:43,16,34,0,50
2025-05-08T02:48:06,16,34,0,50
2025-05-08T02:56:15,16,34,0,50
2025-05-08T03:04:21,16,34,0,50
2025-05-08T03:12:25,16,34,0,50
2025-05-08T03:20:29,16,34,0,50
2025-05-08T03:28:33,16,34,0,50
2025-05-08T03:36:36,16,34,0,50
2025-05-08T03:44:40,16,34,0,50
2025-05-08T03:52:43,16,34,0,50
2025-05-08T04:00:46,16,34,0,50
2025-05-08T04:18:58,16,34,0,50
2025-05-08T04:27:27,16,34,0,50
2025-05-08T04:35:31,16,34,0,50
2025-05-08T04:43:34,16,34,0,50
2025-05-08T04:51:38,16,34,0,50
2025-05-08T04:59:42,16,34,0,50
2025-05-08T05:07:47,16,34,0,50
2025-05-08T05:15:51,16,34,0,50
2025-05-08T05:23:55,16,34,0,50
2025-05-08T05:31:59,16,34,0,50
2025-05-08T05:40:02,16,34,0,50
2025-05-08T05:48:07,16,34,0,50
2025-05-08T05:56:11,16,34,0,50
2025-05-08T06:04:15,16,34,0,50
2025-05-08T06:12:18,16,34,0,50
2025-05-08T06:20:22,16,34,0,50
2025-05-08T06:28:27,16,34,0,50
2025-05-08T06:36:33,16,34,0,50
2025-05-08T06:44:37,16,34,0,50
2025-05-08T06:52:41,16,34,0,50
2025-05-08T07:00:44,16,34,0,50
2025-05-08T07:08:47,16,34,0,50
2025-05-08T07:16:51,16,34,0,50
2025-05-08T07:24:54,16,34,0,50
2025-05-08T07:32:58,16,34,0,50
2025-05-08T07:41:02,16,34,0,50
2025-05-08T07:49:05,16,34,0,50
2025-05-08T07:57:08,16,34,0,50
2025-05-08T08:05:12,16,34,0,50
2025-05-08T08:13:16,16,34,0,50
2025-05-08T08:21:20,16,34,0,50
2025-05-08T08:29:23,16,34,0,50
2025-05-08T08:37:26,16,34,0,50
2025-05-08T08:45:29,16,34,0,50
2025-05-08T08:53:32,16,34,0,50
2025-05-08T09:01:35,16,34,0,50
2025-05-08T09:09:49,16,34,0,50
2025-05-08T09:17:52,16,34,0,50
2025-05-08T09:25:55,16,34,0,50
2025-05-08T09:33:58,16,34,0,50
2025-05-08T09:42:00,16,34,0,50
2025-05-08T09:50:03,16,34,0,50
2025-05-08T09:58:06,16,34,0,50
2025-05-08T10:06:09,16,34,0,50
2025-05-08T10:14:12,16,34,0,50
2025-05-08T10:22:16,16,34,0,50
2025-05-08T10:30:18,16,34,0,50
2025-05-08T10:38:22,16,34,0,50
2025-05-08T10:46:25,16,34,0,50
2025-05-08T10:54:27,16,34,0,50
2025-05-08T11:02:30,16,34,0,50
2025-05-08T11:10:34,16,34,0,50
2025-05-08T11:18:36,16,34,0,50
2025-05-08T11:26:53,16,34,0,50
2025-05-08T11:34:56,16,34,0,50
2025-05-08T11:42:59,16,34,0,50
2025-05-08T11:51:02,16,34,0,50
2025-05-08T11:59:04,16,34,0,50
2025-05-08T12:07:07,16,34,0,50
2025-05-08T12:15:10,16,34,0,50
2025-05-08T12:23:15,16,34,0,50
2025-05-08T12:31:19,16,34,0,50
2025-05-08T12:39:22,16,34,0,50
2025-05-08T12:47:26,16,34,0,50
2025-05-08T12:55:29,16,34,0,50
2025-05-08T13:03:31,16,34,0,50
2025-05-08T13:11:34,16,34,0,50
2025-05-08T13:19:47,16,34,0,50
2025-05-08T13:27:50,16,34,0,50
2025-05-08T13:35:53,16,34,0,50
2025-05-08T13:43:56,16,34,0,50
2025-05-08T13:51:58,16,34,0,50
2025-05-08T14:00:01,16,34,0,50
2025-05-08T14:08:04,16,34,0,50
2025-05-08T14:16:07,16,34,0,50
2025-05-08T14:24:10,16,34,0,50
2025-05-08T14:32:12,16,34,0,50
2025-05-08T14:40:15,16,34,0,50
2025-05-08T14:48:18,16,34,0,50
2025-05-08T14:56:21,16,34,0,50
2025-05-08T15:04:36,16,34,0,50
2025-05-08T15:12:39,16,34,0,50
2025-05-08T15:20:42,16,34,0,50
2025-05-08T15:28:46,16,34,0,50
2025-05-08T15:36:48,16,34,0,50
2025-05-08T15:44:51,16,34,0,50
2025-05-08T15:52:54,16,34,0,50
2025-05-08T16:00:57,16,34,0,50
2025-05-08T16:09:00,16,34,0,50
2025-05-08T16:17:02,16,34,0,50
2025-05-08T16:25:05,16,34,0,50
2025-05-08T16:33:08,16,34,0,50
2025-05-08T16:41:12,16,34,0,50
2025-05-08T16:49:15,16,34,0,50
2025-05-08T16:57:21,16,34,0,50
2025-05-08T17:05:35,16,34,0,50
2025-05-08T17:13:39,16,34,0,50
2025-05-08T17:21:42,16,34,0,50
2025-05-08T17:29:45,16,34,0,50
2025-05-08T17:37:48,16,34,0,50
2025-05-08T17:45:51,16,34,0,50
2025-05-08T17:53:54,16,34,0,50
2025-05-08T18:01:59,16,34,0,50
2025-05-08T18:10:02,16,34,0,50
2025-05-08T18:18:05,16,34,0,50
2025-05-08T18:26:09,16,34,0,50
2025-05-08T18:34:12,16,34,0,50
2025-05-08T18:42:15,16,34,0,50
2025-05-08T18:50:18,16,34,0,50
2025-05-08T18:58:21,16,34,0,50
2025-05-08T19:06:24,16,34,0,50
2025-05-08T19:14:27,16,34,0,50
2025-05-08T19:22:30,16,34,0,50
2025-05-08T19:30:43,16,34,0,50
2025-05-08T19:38:46,16,34,0,50
2025-05-08T19:46:49,16,34,0,50
2025-05-08T19:54:52,16,34,0,50
2025-05-08T20:02:55,16,34,0,50
2025-05-08T20:10:58,16,34,0,50
2025-05-08T20:19:02,16,34,0,50
2025-05-08T20:27:05,16,34,0,50
2025-05-08T20:35:08,16,34,0,50
2025-05-08T20:43:11,16,34,0,50
2025-05-08T20:51:14,16,34,0,50
2025-05-08T20:59:17,16,34,0,50
2025-05-08T21:07:20,16,34,0,50
2025-05-08T21:15:23,16,34,0,50
2025-05-08T21:23:26,16,34,0,50
2025-05-08T21:31:29,16,34,0,50
2025-05-08T21:39:32,16,34,0,50
2025-05-08T21:47:35,16,34,0,50
2025-05-08T21:55:38,16,34,0,50
2025-05-08T22:03:41,16,34,0,50
2025-05-08T22:11:44,16,34,0,50
2025-05-08T22:19:47,16,34,0,50
2025-05-08T22:27:51,16,34,0,50
2025-05-08T22:36:04,16,34,0,50
2025-05-08T22:44:08,16,34,0,50
2025-05-08T22:52:11,16,34,0,50
2025-05-08T23:00:14,16,34,0,50
2025-05-08T23:08:17,16,34,0,50
2025-05-08T23:16:20,16,34,0,50
2025-05-08T23:24:23,16,34,0,50
2025-05-08T23:32:26,16,34,0,50
2025-05-08T23:40:29,16,34,0,50
2025-05-08T23:48:33,16,34,0,50
2025-05-08T23:56:36,16,34,0,50
2025-05-09T00:04:41,16,34,0,50
2025-05-09T00:12:45,16,34,0,50
2025-05-09T00:20:49,16,34,0,50
2025-05-09T00:28:53,16,34,0,50
2025-05-09T00:36:58,16,34,0,50
2025-05-09T00:45:02,16,34,0,50
2025-05-09T00:53:06,16,34,0,50
2025-05-09T01:01:11,16,34,0,50
2025-05-09T01:09:16,16,34,0,50
2025-05-09T01:17:20,16,34,0,50
2025-05-09T01:25:24,16,34,0,50
2025-05-09T01:33:29,16,34,0,50
2025-05-09T01:41:33,16,34,0,50
2025-05-09T01:49:37,16,34,0,50
2025-05-09T01:57:43,16,34,0,50
2025-05-09T02:05:47,16,34,0,50
2025-05-09T02:13:51,16,34,0,50
2025-05-09T02:22:05,16,34,0,50
2025-05-09T02:30:09,16,34,0,50
2025-05-09T02:38:21,16,34,0,50
2025-05-09T02:46:27,16,34,0,50
2025-05-09T02:54:31,16,34,0,50
2025-05-09T03:02:34,16,34,0,50
2025-05-09T03:10:38,16,34,0,50
2025-05-09T03:18:42,16,34,0,50
2025-05-09T03:26:46,16,34,0,50
2025-05-09T03:34:50,16,34,0,50
2025-05-09T03:42:54,16,34,0,50
2025-05-09T03:51:08,16,34,0,50
2025-05-09T03:59:13,16,34,0,50
2025-05-09T04:07:17,16,34,0,50
2025-05-09T04:24:10,16,34,0,50
2025-05-09T04:33:45,16,34,0,50
2025-05-09T04:41:55,16,34,0,50
2025-05-09T04:49:59,16,34,0,50
2025-05-09T04:58:04,16,34,0,50
2025-05-09T05:06:08,16,34,0,50
2025-05-09T05:14:12,16,34,0,50
2025-05-09T05:22:15,16,34,0,50
2025-05-09T05:30:19,16,34,0,50
2025-05-09T05:38:23,16,34,0,50
2025-05-09T05:46:27,16,34,0,50
2025-05-09T05:54:31,16,34,0,50
2025-05-09T06:02:35,16,34,0,50
2025-05-09T06:10:39,16,34,0,50
2025-05-09T06:18:42,16,34,0,50
2025-05-09T06:26:47,16,34,0,50
2025-05-09T06:34:51,16,34,0,50
2025-05-09T06:42:55,16,34,0,50
2025-05-09T06:50:59,16,34,0,50
2025-05-09T06:59:03,16,34,0,50
2025-05-09T07:07:07,16,34,0,50
2025-05-09T07:15:10,16,34,0,50
2025-05-09T07:23:15,16,34,0,50
2025-05-09T07:31:19,16,34,0,50
2025-05-09T07:39:22,16,34,0,50
2025-05-09T07:47:25,16,34,0,50
2025-05-09T07:55:30,16,34,0,50
2025-05-09T08:03:34,16,34,0,50
2025-05-09T08:11:37,16,34,0,50
2025-05-09T08:19:40,16,34,0,50
2025-05-09T08:27:44,16,34,0,50
2025-05-09T08:35:47,16,34,0,50
2025-05-09T08:43:54,16,34,0,50
2025-05-09T08:51:57,16,34,0,50
2025-05-09T09:00:01,16,34,0,50
2025-05-09T09:08:04,16,34,0,50
2025-05-09T09:16:18,16,34,0,50
2025-05-09T09:24:21,16,34,0,50
2025-05-09T09:32:24,16,34,0,50
2025-05-09T09:40:27,16,34,0,50
2025-05-09T09:48:29,16,34,0,50
2025-05-09T09:56:32,16,34,0,50
2025-05-09T10:04:35,16,34,0,50
2025-05-09T10:12:39,16,34,0,50
2025-05-09T10:20:41,16,34,0,50
2025-05-09T10:28:44,16,34,0,50
2025-05-09T10:36:47,16,34,0,50
2025-05-09T10:44:50,16,34,0,50
2025-05-09T10:52:53,16,34,0,50
2025-05-09T11:00:56,16,34,0,50
2025-05-09T11:08:59,16,34,0,50
2025-05-09T11:17:02,16,34,0,50
2025-05-09T11:25:05,16,34,0,50
2025-05-09T11:33:09,16,34,0,50
2025-05-09T11:41:13,16,34,0,50
2025-05-09T11:49:24,16,34,0,50
2025-05-09T11:57:40,16,34,0,50
2025-05-09T12:05:44,16,34,0,50
2025-05-09T12:13:48,16,34,0,50
2025-05-09T12:21:52,16,34,0,50
2025-05-09T12:29:56,16,34,0,50
2025-05-09T12:37:59,16,34,0,50
2025-05-09T12:46:04,16,34,0,50
2025-05-09T12:54:08,16,34,0,50
2025-05-09T13:02:11,16,34,0,50
2025-05-09T13:10:15,16,34,0,50
2025-05-09T13:18:19,16,34,0,50
2025-05-09T13:26:23,16,34,0,50
2025-05-09T13:34:27,16,34,0,50
2025-05-09T13:42:31,16,34,0,50
2025-05-09T13:50:35,16,34,0,50
2025-05-09T13:58:39,16,34,0,50
2025-05-09T14:06:43,16,34,0,50
2025-05-09T14:14:57,16,34,0,50
2025-05-09T14:23:00,16,34,0,50
2025-05-09T14:31:04,16,34,0,50
2025-05-09T14:39:08,16,34,0,50
2025-05-09T14:47:12,16,34,0,50
2025-05-09T14:55:16,16,34,0,50
2025-05-09T15:03:19,16,34,0,50
2025-05-09T15:11:23,16,34,0,50
2025-05-09T15:19:27,16,34,0,50
2025-05-09T15:27:33,16,34,0,50
2025-05-09T15:35:37,16,34,0,50
2025-05-09T15:43:41,16,34,0,50
2025-05-09T15:51:44,16,34,0,50
2025-05-09T15:59:48,16,34,0,50
2025-05-09T16:07:52,16,34,0,50
2025-05-09T16:15:56,16,34,0,50
2025-05-09T16:24:10,16,34,0,50
2025-05-09T16:32:14,16,34,0,50
2025-05-09T16:40:18,16,34,0,50
2025-05-09T16:48:22,16,34,0,50
2025-05-09T16:56:25,16,34,0,50
2025-05-09T17:04:29,16,34,0,50
2025-05-09T17:12:33,16,34,0,50
2025-05-09T17:20:38,16,34,0,50
2025-05-09T17:28:41,16,34,0,50
2025-05-09T17:36:45,16,34,0,50
2025-05-09T17:44:49,16,34,0,50
2025-05-09T17:52:53,16,34,0,50
2025-05-09T18:00:57,16,34,0,50
2025-05-09T18:09:01,16,34,0,50
2025-05-09T18:17:05,16,34,0,50
2025-05-09T18:25:19,16,34,0,50
2025-05-09T18:33:30,16,34,0,50
2025-05-09T18:41:38,16,34,0,50
2025-05-09T18:49:42,16,34,0,50
2025-05-09T18:57:46,16,34,0,50
2025-05-09T19:05:50,16,34,0,50
2025-05-09T19:13:55,16,34,0,50
2025-05-09T19:21:58,16,34,0,50
2025-05-09T19:30:02,16,34,0,50
2025-05-09T19:38:06,16,34,0,50
2025-05-09T19:46:10,16,34,0,50
2025-05-09T19:54:14,16,34,0,50
2025-05-09T20:02:18,16,34,0,50
2025-05-09T20:10:22,16,34,0,50
2025-05-09T20:18:26,16,34,0,50
2025-05-09T20:26:30,16,34,0,50
2025-05-09T20:34:34,16,34,0,50
2025-05-09T20:42:38,16,34,0,50
2025-05-09T20:50:42,16,34,0,50
2025-05-09T20:58:46,16,34,0,50
2025-05-09T21:06:50,16,34,0,50
2025-05-09T21:14:54,16,34,0,50
2025-05-09T21:22:58,16,34,0,50
2025-05-09T21:31:02,16,34,0,50
2025-05-09T21:39:06,16,34,0,50
2025-05-09T21:47:10,16,34,0,50
2025-05-09T21:55:14,16,34,0,50
2025-05-09T22:03:28,16,34,0,50
2025-05-09T22:11:31,16,34,0,50
2025-05-09T22:19:36,16,34,0,50
2025-05-09T22:27:39,16,34,0,50
2025-05-09T22:35:44,16,34,0,50
2025-05-09T22:43:48,16,34,0,50
2025-05-09T22:51:52,16,34,0,50
2025-05-09T22:59:56,16,34,0,50
2025-05-09T23:08:01,16,34,0,50
2025-05-09T23:16:06,16,34,0,50
2025-05-09T23:24:10,16,34,0,50
2025-05-09T23:32:14,16,34,0,50
2025-05-09T23:40:18,16,34,0,50
2025-05-09T23:48:22,16,34,0,50
2025-05-09T23:56:26,16,34,0,50
2025-05-10T00:04:30,16,34,0,50
2025-05-10T00:12:42,16,34,0,50
2025-05-10T00:20:47,16,34,0,50
2025-05-10T00:28:53,16,34,0,50
2025-05-10T00:37:03,16,34,0,50
2025-05-10T00:45:23,16,34,0,50
2025-05-10T00:53:45,16,34,0,50
2025-05-10T01:02:01,16,34,0,50
2025-05-10T01:10:27,16,34,0,50
2025-05-10T01:18:42,16,34,0,50
2025-05-10T01:26:47,16,34,0,50
2025-05-10T01:34:52,16,34,0,50
2025-05-10T01:42:57,16,34,0,50
2025-05-10T01:51:02,16,34,0,50
2025-05-10T01:59:07,16,34,0,50
2025-05-10T02:07:12,16,34,0,50
2025-05-10T02:15:17,16,34,0,50
2025-05-10T02:23:22,16,34,0,50
2025-05-10T02:31:27,16,34,0,50
2025-05-10T02:39:45,16,34,0,50
2025-05-10T02:47:50,16,34,0,50
2025-05-10T02:55:55,16,34,0,50
2025-05-10T03:03:59,16,34,0,50
2025-05-10T03:12:04,16,34,0,50
2025-05-10T03:20:09,16,34,0,50
2025-05-10T03:28:13,16,34,0,50
2025-05-10T03:36:18,16,34,0,50
2025-05-10T03:44:22,16,34,0,50
2025-05-10T03:52:26,16,34,0,50
2025-05-10T04:02:33,16,34,0,50
2025-05-10T04:10:54,16,34,0,50
2025-05-10T04:18:59,16,34,0,50
2025-05-10T04:30:56,16,34,0,50
2025-05-10T04:39:26,16,34,0,50
2025-05-10T04:47:31,16,34,0,50
2025-05-10T04:55:36,16,34,0,50
2025-05-10T05:03:41,16,34,0,50
2025-05-10T05:11:46,16,34,0,50
2025-05-10T05:19:51,16,34,0,50
2025-05-10T05:27:56,16,34,0,50
2025-05-10T05:36:01,16,34,0,50
2025-05-10T05:44:05,16,34,0,50
2025-05-10T05:52:10,16,34,0,50
2025-05-10T06:00:15,16,34,0,50
2025-05-10T06:08:21,16,34,0,50
2025-05-10T06:16:25,16,34,0,50
2025-05-10T06:24:30,16,34,0,50
2025-05-10T06:32:38,16,34,0,50
2025-05-10T06:40:43,16,34,0,50
2025-05-10T06:48:48,16,34,0,50
2025-05-10T06:56:54,16,34,0,50
2025-05-10T07:04:58,16,34,0,50
2025-05-10T07:13:03,16,34,0,50
2025-05-10T07:21:20,16,34,0,50
2025-05-10T07:29:24,16,34,0,50
2025-05-10T07:37:29,16,34,0,50
2025-05-10T07:45:34,16,34,0,50
2025-05-10T07:53:38,16,34,0,50
2025-05-10T08:01:42,16,34,0,50
2025-05-10T08:09:46,16,34,0,50
2025-05-10T08:17:50,16,34,0,50
2025-05-10T08:25:55,16,34,0,50
2025-05-10T08:34:00,16,34,0,50
2025-05-10T08:42:05,16,34,0,50
2025-05-10T08:50:09,16,34,0,50
2025-05-10T08:58:13,16,34,0,50
2025-05-10T09:06:17,16,34,0,50
2025-05-10T09:14:21,16,34,0,50
2025-05-10T09:22:25,16,34,0,50
2025-05-10T09:30:29,16,34,0,50
2025-05-10T09:38:33,16,34,0,50
2025-05-10T09:46:37,16,34,0,50
2025-05-10T09:54:41,16,34,0,50
2025-05-10T10:02:45,16,34,0,50
2025-05-10T10:10:49,16,34,0,50
2025-05-10T10:18:53,16,34,0,50
2025-05-10T10:26:57,16,34,0,50
2025-05-10T10:35:03,16,34,0,50
2025-05-10T10:43:15,16,34,0,50
2025-05-10T10:51:19,16,34,0,50
2025-05-10T10:59:35,16,34,0,50
2025-05-10T11:07:53,16,34,0,50
2025-05-10T11:16:11,16,34,0,50
2025-05-10T11:24:26,16,34,0,50
2025-05-10T11:32:42,16,34,0,50
2025-05-10T11:40:55,16,34,0,50
2025-05-10T11:48:59,16,34,0,50
2025-05-10T11:57:02,16,34,0,50
2025-05-10T12:05:06,16,34,0,50
2025-05-10T12:13:10,16,34,0,50
2025-05-10T12:21:14,16,34,0,50
2025-05-10T12:29:18,16,34,0,50
2025-05-10T12:37:22,16,34,0,50
2025-05-10T12:45:26,16,34,0,50
2025-05-10T12:53:30,16,34,0,50
2025-05-10T13:01:33,16,34,0,50
2025-05-10T13:09:38,16,34,0,50
2025-05-10T13:17:41,16,34,0,50
2025-05-10T13:25:45,16,34,0,50
2025-05-10T13:33:49,16,34,0,50
2025-05-10T13:41:53,16,34,0,50
2025-05-10T13:50:06,16,34,0,50
2025-05-10T13:58:10,16,34,0,50
2025-05-10T14:06:14,16,34,0,50
2025-05-10T14:14:18,16,34,0,50
2025-05-10T14:22:21,16,34,0,50
2025-05-10T14:30:25,16,34,0,50
2025-05-10T14:38:29,16,34,0,50
2025-05-10T14:46:33,16,34,0,50
2025-05-10T14:54:37,16,34,0,50
2025-05-10T15:02:41,16,34,0,50
2025-05-10T15:10:45,16,34,0,50
2025-05-10T15:18:48,16,34,0,50
2025-05-10T15:26:52,16,34,0,50
2025-05-10T15:34:56,16,34,0,50
2025-05-10T15:42:59,16,34,0,50
2025-05-10T15:51:03,16,34,0,50
2025-05-10T15:59:07,16,34,0,50
2025-05-10T16:07:11,16,34,0,50
2025-05-10T16:15:15,16,34,0,50
2025-05-10T16:23:19,16,34,0,50
2025-05-10T16:31:23,16,34,0,50
2025-05-10T16:39:27,16,34,0,50
2025-05-10T16:47:31,16,34,0,50
2025-05-10T16:55:45,16,34,0,50
2025-05-10T17:03:49,16,34,0,50
2025-05-10T17:11:53,16,34,0,50
2025-05-10T17:19:57,16,34,0,50
2025-05-10T17:28:01,16,34,0,50
2025-05-10T17:36:05,16,34,0,50
2025-05-10T17:44:09,16,34,0,50
2025-05-10T17:52:12,16,34,0,50
2025-05-10T18:00:16,16,34,0,50
2025-05-10T18:08:21,16,34,0,50
2025-05-10T18:16:25,16,34,0,50
2025-05-10T18:24:29,16,34,0,50
2025-05-10T18:32:34,16,34,0,50
2025-05-10T18:40:38,16,34,0,50
2025-05-10T18:48:43,16,34,0,50
2025-05-10T18:56:47,16,34,0,50
2025-05-10T19:04:52,16,34,0,50
2025-05-10T19:12:56,16,34,0,50
2025-05-10T19:20:59,16,34,0,50
2025-05-10T19:29:03,16,34,0,50
2025-05-10T19:37:07,16,34,0,50
2025-05-10T19:45:11,16,34,0,50
2025-05-10T19:53:15,16,34,0,50
2025-05-10T20:01:20,16,34,0,50
2025-05-10T20:09:23,16,34,0,50
2025-05-10T20:17:27,16,34,0,50
2025-05-10T20:25:31,16,34,0,50
2025-05-10T20:33:35,16,34,0,50
2025-05-10T20:41:39,16,34,0,50
2025-05-10T20:49:52,16,34,0,50
2025-05-10T20:57:56,16,34,0,50
2025-05-10T21:06:00,16,34,0,50
2025-05-10T21:14:03,16,34,0,50
2025-05-10T21:22:08,16,34,0,50
2025-05-10T21:30:11,16,34,0,50
2025-05-10T21:38:15,16,34,0,50
2025-05-10T21:46:19,16,34,0,50
2025-05-10T21:54:23,16,34,0,50
2025-05-10T22:02:27,16,34,0,50
2025-05-10T22:10:31,16,34,0,50
2025-05-10T22:18:35,16,34,0,50
2025-05-10T22:26:39,16,34,0,50
2025-05-10T22:34:43,16,34,0,50
2025-05-10T22:42:47,16,34,0,50
2025-05-10T22:50:52,16,34,0,50
2025-05-10T22:58:55,16,34,0,50
2025-05-10T23:07:00,16,34,0,50
2025-05-10T23:15:04,16,34,0,50
2025-05-10T23:23:08,16,34,0,50
2025-05-10T23:31:12,16,34,0,50
2025-05-10T23:39:16,16,34,0,50
2025-05-10T23:47:20,16,34,0,50
2025-05-10T23:55:24,16,34,0,50
2025-05-11T00:03:28,16,34,0,50
2025-05-11T00:11:33,16,34,0,50
2025-05-11T00:19:39,16,34,0,50
2025-05-11T00:27:43,16,34,0,50
2025-05-11T00:36:00,16,34,0,50
2025-05-11T00:44:07,16,34,0,50
2025-05-11T00:52:13,16,34,0,50
2025-05-11T01:00:18,16,34,0,50
2025-05-11T01:08:24,16,34,0,50
2025-05-11T01:16:29,16,34,0,50
2025-05-11T01:24:33,16,34,0,50
2025-05-11T01:32:38,16,34,0,50
2025-05-11T01:40:42,16,34,0,50
2025-05-11T01:48:46,16,34,0,50
2025-05-11T01:56:50,16,34,0,50
2025-05-11T02:04:55,16,34,0,50
2025-05-11T02:12:59,16,34,0,50
2025-05-11T02:21:04,16,34,0,50
2025-05-11T02:29:08,16,34,0,50
2025-05-11T02:37:13,16,34,0,50
2025-05-11T02:45:17,16,34,0,50
2025-05-11T02:53:21,16,34,0,50
2025-05-11T03:01:27,16,34,0,50
2025-05-11T03:09:31,16,34,0,50
2025-05-11T03:17:35,16,34,0,50
2025-05-11T03:25:39,16,34,0,50
2025-05-11T03:33:44,16,34,0,50
2025-05-11T03:41:48,16,34,0,50
2025-05-11T03:49:53,16,34,0,50
2025-05-11T03:57:58,16,34,0,50
2025-05-11T04:06:34,16,34,0,50
2025-05-11T04:18:43,16,34,0,50
2025-05-11T04:27:16,16,34,0,50
2025-05-11T04:35:23,16,34,0,50
2025-05-11T04:43:28,16,34,0,50
2025-05-11T04:51:35,16,34,0,50
2025-05-11T04:59:40,16,34,0,50
2025-05-11T05:07:46,16,34,0,50
2025-05-11T05:15:52,16,34,0,50
2025-05-11T05:24:03,16,34,0,50
2025-05-11T05:32:10,16,34,0,50
2025-05-11T05:40:15,16,34,0,50
2025-05-11T05:48:21,16,34,0,50
2025-05-11T05:56:26,16,34,0,50
2025-05-11T06:04:31,16,34,0,50
2025-05-11T06:12:37,16,34,0,50
2025-05-11T06:20:41,16,34,0,50
2025-05-11T06:28:47,16,34,0,50
2025-05-11T06:36:52,16,34,0,50
2025-05-11T06:44:58,16,34,0,50
2025-05-11T06:53:03,16,34,0,50
2025-05-11T07:01:10,16,34,0,50
2025-05-11T07:09:16,16,34,0,50
2025-05-11T07:17:22,16,34,0,50
2025-05-11T07:25:28,16,34,0,50
2025-05-11T07:33:34,16,34,0,50
2025-05-11T07:41:40,16,34,0,50
2025-05-11T07:49:46,16,34,0,50
2025-05-11T07:57:51,16,34,0,50
2025-05-11T08:05:56,16,34,0,50
2025-05-11T08:14:01,16,34,0,50
2025-05-11T08:22:06,16,34,0,50
2025-05-11T08:30:14,16,34,0,50
2025-05-11T08:38:19,16,34,0,50
2025-05-11T08:46:23,16,34,0,50
2025-05-11T08:54:27,16,34,0,50
2025-05-11T09:02:31,16,34,0,50
2025-05-11T09:10:36,16,34,0,50
2025-05-11T09:18:42,16,34,0,50
2025-05-11T09:26:46,16,34,0,50
2025-05-11T09:34:51,16,34,0,50
2025-05-11T09:42:55,16,34,0,50
2025-05-11T09:50:59,16,34,0,50
2025-05-11T09:59:04,16,34,0,50
2025-05-11T10:07:09,16,34,0,50
2025-05-11T10:15:15,16,34,0,50
2025-05-11T10:23:27,16,34,0,50
2025-05-11T10:31:32,16,34,0,50
2025-05-11T10:39:36,16,34,0,50
2025-05-11T10:47:41,16,34,0,50
2025-05-11T10:55:46,16,34,0,50
2025-05-11T11:03:51,16,34,0,50
2025-05-11T11:11:56,16,34,0,50
2025-05-11T11:20:00,16,34,0,50
2025-05-11T11:28:03,16,34,0,50
2025-05-11T11:36:08,16,34,0,50
2025-05-11T11:44:12,16,34,0,50
2025-05-11T11:52:16,16,34,0,50
2025-05-11T12:00:20,16,34,0,50
2025-05-11T12:08:24,16,34,0,50
2025-05-11T12:16:28,16,34,0,50
2025-05-11T12:24:33,16,34,0,50
2025-05-11T12:32:37,16,34,0,50
2025-05-11T12:40:41,16,34,0,50
2025-05-11T12:48:46,16,34,0,50
2025-05-11T12:56:50,16,34,0,50
2025-05-11T13:04:54,16,34,0,50
2025-05-11T13:12:57,16,34,0,50
2025-05-11T13:21:01,16,34,0,50
2025-05-11T13:29:15,16,34,0,50
2025-05-11T13:37:19,16,34,0,50
2025-05-11T13:45:22,16,34,0,50
2025-05-11T13:53:26,16,34,0,50
2025-05-11T14:01:30,16,34,0,50
2025-05-11T14:09:34,16,34,0,50
2025-05-11T14:17:38,16,34,0,50
2025-05-11T14:25:41,16,34,0,50
2025-05-11T14:33:45,16,34,0,50
2025-05-11T14:41:49,16,34,0,50
2025-05-11T14:49:53,16,34,0,50
2025-05-11T14:57:57,16,34,0,50
2025-05-11T15:06:01,16,34,0,50
2025-05-11T15:14:05,16,34,0,50
2025-05-11T15:22:08,16,34,0,50
2025-05-11T15:30:13,16,34,0,50
2025-05-11T15:38:16,16,34,0,50
2025-05-11T15:46:21,16,34,0,50
2025-05-11T15:54:25,16,34,0,50
2025-05-11T16:02:30,16,34,0,50
2025-05-11T16:10:34,16,34,0,50
2025-05-11T16:18:38,16,34,0,50
2025-05-11T16:26:54,16,34,0,50
2025-05-11T16:34:58,16,34,0,50
2025-05-11T16:43:01,16,34,0,50
2025-05-11T16:51:05,16,34,0,50
2025-05-11T16:59:09,16,34,0,50
2025-05-11T17:07:14,16,34,0,50
2025-05-11T17:15:18,16,34,0,50
2025-05-11T17:23:22,16,34,0,50
2025-05-11T17:31:26,16,34,0,50
2025-05-11T17:39:30,16,34,0,50
2025-05-11T17:47:34,16,34,0,50
2025-05-11T17:55:38,16,34,0,50
2025-05-11T18:03:43,16,34,0,50
2025-05-11T18:11:47,16,34,0,50
2025-05-11T18:19:51,16,34,0,50
2025-05-11T18:27:56,16,34,0,50
2025-05-11T18:36:00,16,34,0,50
2025-05-11T18:44:04,16,34,0,50
2025-05-11T18:52:08,16,34,0,50
2025-05-11T19:00:12,16,34,0,50
2025-05-11T19:08:16,16,34,0,50
2025-05-11T19:16:20,16,34,0,50
2025-05-11T19:24:24,16,34,0,50
2025-05-11T19:32:28,16,34,0,50
2025-05-11T19:40:42,16,34,0,50
2025-05-11T19:48:46,16,34,0,50
2025-05-11T19:56:50,16,34,0,50
2025-05-11T20:04:54,16,34,0,50
2025-05-11T20:12:58,16,34,0,50
2025-05-11T20:21:02,16,34,0,50
2025-05-11T20:29:06,16,34,0,50
2025-05-11T20:37:10,16,34,0,50
2025-05-11T20:45:14,16,34,0,50
2025-05-11T20:53:18,16,34,0,50
2025-05-11T21:01:22,16,34,0,50
2025-05-11T21:09:26,16,34,0,50
2025-05-11T21:17:30,16,34,0,50
2025-05-11T21:25:34,16,34,0,50
2025-05-11T21:33:38,16,34,0,50
2025-05-11T21:41:42,16,34,0,50
2025-05-11T21:49:46,16,34,0,50
2025-05-11T21:57:50,16,34,0,50
2025-05-11T22:05:54,16,34,0,50
2025-05-11T22:13:58,16,34,0,50
2025-05-11T22:22:02,16,34,0,50
2025-05-11T22:30:06,16,34,0,50
2025-05-11T22:38:10,16,34,0,50
2025-05-11T22:46:14,16,34,0,50
2025-05-11T22:54:30,16,34,0,50
2025-05-11T23:02:35,16,34,0,50
2025-05-11T23:10:39,16,34,0,50
2025-05-11T23:18:44,16,34,0,50
2025-05-11T23:26:48,16,34,0,50
2025-05-11T23:34:53,16,34,0,50
2025-05-11T23:42:57,16,34,0,50
2025-05-11T23:51:01,16,34,0,50
2025-05-11T23:59:05,16,34,0,50
2025-05-12T00:07:15,16,34,0,50
2025-05-12T00:15:39,16,34,0,50
2025-05-12T00:23:44,16,34,0,50
2025-05-12T00:31:48,16,34,0,50
2025-05-12T00:39:53,16,34,0,50
2025-05-12T00:48:01,16,34,0,50
2025-05-12T00:56:06,16,34,0,50
2025-05-12T01:04:12,16,34,0,50
2025-05-12T01:12:17,16,34,0,50
2025-05-12T01:20:22,16,34,0,50
2025-05-12T01:28:27,16,34,0,50
2025-05-12T01:36:32,16,34,0,50
2025-05-12T01:44:37,16,34,0,50
2025-05-12T01:52:42,16,34,0,50
2025-05-12T02:00:47,16,34,0,50
2025-05-12T02:09:09,16,34,0,50
2025-05-12T02:17:14,16,34,0,50
2025-05-12T02:25:19,16,34,0,50
2025-05-12T02:33:23,16,34,0,50
2025-05-12T02:41:28,16,34,0,50
2025-05-12T02:49:32,16,34,0,50
2025-05-12T02:57:36,16,34,0,50
2025-05-12T03:05:40,16,34,0,50
2025-05-12T03:13:45,16,34,0,50
2025-05-12T03:21:49,16,34,0,50
2025-05-12T03:29:53,16,34,0,50
2025-05-12T03:37:57,16,34,0,50
2025-05-12T03:46:11,16,34,0,50
2025-05-12T03:54:16,16,34,0,50
2025-05-12T04:02:20,16,34,0,50
2025-05-12T04:10:25,16,34,0,50
2025-05-14T10:08:16,16,34,0,50
2025-05-14T10:16:20,16,34,0,50
2025-05-14T10:24:24,16,34,0,50
2025-05-14T10:32:28,16,34,0,50
2025-05-14T10:40:32,16,34,0,50
2025-05-14T10:48:36,16,34,0,50
2025-05-14T10:56:40,16,34,0,50
2025-05-14T11:04:43,16,34,0,50
2025-05-14T11:12:47,16,34,0,50
2025-05-14T11:20:53,16,34,0,50
2025-05-14T11:28:58,16,34,0,50
2025-05-14T11:37:02,16,34,0,50
2025-05-14T11:45:07,16,34,0,50
2025-05-14T11:53:12,16,34,0,50
2025-05-14T12:01:17,16,34,0,50
2025-05-14T12:09:23,16,34,0,50
2025-05-14T12:17:45,16,34,0,50
2025-05-14T12:25:50,16,34,0,50
2025-05-14T12:33:55,16,34,0,50
2025-05-14T12:42:00,16,34,0,50
2025-05-14T12:50:05,16,34,0,50
2025-05-14T12:58:54,16,34,0,50
2025-05-14T13:06:59,16,34,0,50
2025-05-14T13:15:04,16,34,0,50
2025-05-14T13:23:09,16,34,0,50
2025-05-14T13:31:14,16,34,0,50
2025-05-14T13:39:19,16,34,0,50
2025-05-14T13:47:24,16,34,0,50
2025-05-14T13:55:39,16,34,0,50
2025-05-14T14:03:44,16,34,0,50
2025-05-14T14:11:49,16,34,0,50
2025-05-14T14:19:54,16,34,0,50
2025-05-14T14:27:59,16,34,0,50
2025-05-14T14:36:04,16,34,0,50
2025-05-14T14:44:09,16,34,0,50
2025-05-14T14:52:14,16,34,0,50
2025-05-14T15:00:19,16,34,0,50
2025-05-14T15:08:24,16,34,0,50
2025-05-14T15:16:29,16,34,0,50
2025-05-14T15:24:34,16,34,0,50
2025-05-14T15:32:54,16,34,0,50
2025-05-14T15:41:00,16,34,0,50
2025-05-14T15:49:05,16,34,0,50
2025-05-14T15:57:10,16,34,0,50
2025-05-14T16:05:15,16,34,0,50
2025-05-14T16:13:20,16,34,0,50
2025-05-14T16:21:25,16,34,0,50
2025-05-14T16:29:30,16,34,0,50
2025-05-14T16:37:36,16,34,0,50
2025-05-14T16:45:41,16,34,0,50
2025-05-14T16:53:46,16,34,0,50
2025-05-14T17:01:51,16,34,0,50
2025-05-14T17:09:56,16,34,0,50
2025-05-14T17:18:02,16,34,0,50
2025-05-14T17:26:07,16,34,0,50
2025-05-14T17:34:12,16,34,0,50
2025-05-14T17:42:17,16,34,0,50
2025-05-14T17:50:22,16,34,0,50
2025-05-14T17:58:36,16,34,0,50
2025-05-14T18:06:41,16,34,0,50
2025-05-14T18:14:46,16,34,0,50
2025-05-14T18:22:51,16,34,0,50
2025-05-14T18:30:56,16,34,0,50
2025-05-14T18:39:01,16,34,0,50
2025-05-14T18:47:06,16,34,0,50
2025-05-14T18:55:11,16,34,0,50
2025-05-14T19:03:16,16,34,0,50
2025-05-14T19:11:21,16,34,0,50
2025-05-14T19:19:26,16,34,0,50
2025-05-14T19:27:31,16,34,0,50
2025-05-14T19:35:36,16,34,0,50
2025-05-14T19:43:41,16,34,0,50
2025-05-14T19:51:45,16,34,0,50
2025-05-14T19:59:50,16,34,0,50
2025-05-14T20:07:55,16,34,0,50
2025-05-14T20:16:00,16,34,0,50
2025-05-14T20:24:05,16,34,0,50
2025-05-14T20:32:24,16,34,0,50
2025-05-14T20:40:29,16,34,0,50
2025-05-14T20:48:34,16,34,0,50
2025-05-14T20:56:39,16,34,0,50
2025-05-14T21:04:44,16,34,0,50
2025-05-14T21:12:49,16,34,0,50
2025-05-14T21:20:54,16,34,0,50
2025-05-14T21:28:59,16,34,0,50
2025-05-14T21:37:04,16,34,0,50
2025-05-14T21:45:09,16,34,0,50
2025-05-14T21:53:14,16,34,0,50
2025-05-14T22:01:19,16,34,0,50
2025-05-14T22:09:24,16,34,0,50
2025-05-14T22:17:29,16,34,0,50
2025-05-14T22:25:34,16,34,0,50
2025-05-14T22:33:39,16,34,0,50
2025-05-14T22:41:44,16,34,0,50
2025-05-14T22:49:49,16,34,0,50
2025-05-14T22:57:55,16,34,0,50
2025-05-14T23:06:00,16,34,0,50
2025-05-14T23:14:05,16,34,0,50
2025-05-14T23:22:10,16,34,0,50
2025-05-14T23:30:15,16,34,0,50
2025-05-14T23:38:20,16,34,0,50
2025-05-14T23:46:32,16,34,0,50
2025-05-14T23:54:38,16,34,0,50
2025-05-15T00:02:43,16,34,0,50
2025-05-15T00:10:48,16,34,0,50
2025-05-15T00:18:58,16,34,0,50
2025-05-15T00:27:04,16,34,0,50
2025-05-15T00:35:10,16,34,0,50
2025-05-15T00:43:16,16,34,0,50
2025-05-15T00:51:22,16,34,0,50
2025-05-15T00:59:29,16,34,0,50
2025-05-15T01:07:36,16,34,0,50
2025-05-15T01:15:43,16,34,0,50
2025-05-15T01:23:48,16,34,0,50
2025-05-15T01:31:54,16,34,0,50
2025-05-15T01:40:00,16,34,0,50
2025-05-15T01:48:09,16,34,0,50
2025-05-15T01:56:14,16,34,0,50
2025-05-15T02:04:20,16,34,0,50
2025-05-15T02:12:26,16,34,0,50
2025-05-15T02:20:31,16,34,0,50
2025-05-15T02:28:37,16,34,0,50
2025-05-15T02:36:43,16,34,0,50
2025-05-15T02:44:50,16,34,0,50
2025-05-15T02:53:05,16,34,0,50
2025-05-15T03:01:11,16,34,0,50
2025-05-15T03:09:17,16,34,0,50
2025-05-15T03:17:22,16,34,0,50
2025-05-15T03:25:27,16,34,0,50
2025-05-15T03:33:33,16,34,0,50
2025-05-15T03:41:39,16,34,0,50
2025-05-15T03:49:44,16,34,0,50
2025-05-15T03:57:49,16,34,0,50
2025-05-15T04:05:55,16,34,0,50
2025-05-15T04:14:01,16,34,0,50
